ticker,date,count,length,PctOld,PctRecombination,ExtentOld,ExtentRecombination,AbnPctOld,AbnPctRecombination
AA,20150408,1,465.0,1.0,0.0,0.96,0.1499999999999999,0.4177134853613931,-0.0677951011344178
AA,20150708,2,454.5,0.5,0.5,0.6799999999999999,0.30499999999999994,0.15900203464689533,0.08567164919988546
AAL,20150305,1,25.0,0.0,0.0,0.02,-0.009999999999999998,-0.49725140253888145,-0.28399099022874075
AAL,20150316,1,334.0,1.0,1.0,0.83,0.62,0.2915032182740809,0.3888538836736724
AAP,20150706,1,321.0,1.0,1.0,0.91,0.19000000000000006,0.37194150392323255,-0.04262803828807049
AAPL,20150306,1,169.0,0.0,0.0,0.17,0.020000000000000018,-0.3614628780402266,-0.23301424955021066
AAPL,20150309,2,241.5,0.5,0.5,0.755,0.465,0.2409994737168465,0.22194699809774102
AAPL,20150325,1,369.0,1.0,0.0,0.85,0.030000000000000027,0.3103875474181904,-0.19731299106752942
AAPL,20150402,1,360.0,1.0,1.0,0.7,0.29,0.1606660502054903,0.06172215607233078
AAPL,20150427,1,258.0,1.0,1.0,0.64,0.32,0.10429068039969225,0.07967610661072783
AAPL,20150518,2,307.5,0.5,0.5,0.645,0.30500000000000005,0.12843102044282406,0.07024267471687085
AAPL,20150608,1,279.0,1.0,0.0,0.75,0.07999999999999996,0.21346151759957754,-0.15765693409367984
AAPL,20150721,1,364.0,1.0,1.0,0.65,0.14,0.11054158940526781,-0.08784730491535783
ABBV,20150304,1,442.0,1.0,1.0,0.72,0.27999999999999997,0.17831030063650788,0.06004233173841919
ABBV,20150724,1,243.0,1.0,1.0,0.65,0.39,0.11491614235328018,0.14770211302174496
ABT,20150722,1,108.0,1.0,0.0,0.89,0.08999999999999997,0.3625970611169763,-0.173268295494784
ADP,20150304,1,435.0,0.0,0.0,0.59,0.35,0.04849693089013607,0.12937045170909492
ADP,20150401,2,115.5,1.0,1.0,0.98,0.735,0.4730359103734286,0.47250659038459214
ADP,20150506,1,344.0,1.0,0.0,0.67,0.09000000000000008,0.1311752568397494,-0.14002827632718684
ADP,20150603,1,141.0,0.0,0.0,0.41,0.38999999999999996,-0.11976666303732592,0.1324440448230187
ADP,20150701,1,459.0,0.0,0.0,0.27,0.010000000000000009,-0.2721331725983095,-0.20835275282408922
ADVS,20150706,1,35.0,1.0,1.0,1.01,0.9,0.49083673669073913,0.6253852309020345
AER,20150601,1,211.0,0.0,0.0,0.57,0.27999999999999997,0.036358958854681656,0.03328003216652786
AER,20150603,1,83.0,1.0,1.0,0.93,0.42000000000000004,0.4047757240399712,0.15222781290465887
AET,20150625,1,450.0,0.0,0.0,0.22,0.0,-0.3219000831240385,-0.21919775828184074
AET,20150703,1,303.0,1.0,1.0,0.86,0.52,0.32257233870960134,0.2852636241924301
AGN,20150311,1,170.0,0.0,0.0,0.01,0.0,-0.521519353640185,-0.252857333507421
AGN,20150316,1,248.0,0.0,0.0,0.21,0.16999999999999998,-0.3252956377582288,-0.07163322623885574
AGN,20150617,1,273.0,0.0,0.0,0.58,0.07999999999999996,0.043693244185954994,-0.1584078787289032
AIG,20150227,1,164.0,1.0,1.0,0.73,0.19999999999999996,0.19882340617152128,-0.0538042305991665
AIG,20150416,1,93.0,0.0,0.0,0.56,0.3500000000000001,0.03385335287652147,0.08403517617941053
AIG,20150430,1,425.0,1.0,0.0,0.98,0.030000000000000027,0.43876780590867426,-0.19160094072137188
AIG,20150601,1,470.0,1.0,1.0,0.73,0.44,0.18758692201290994,0.2226662033563683
AIG,20150603,1,287.0,1.0,1.0,0.73,0.39999999999999997,0.1931586075546653,0.16333110666462514
AIG,20150615,2,170.0,0.5,0.0,0.585,0.07499999999999996,0.0744997765936739,-0.17841172153704693
AIG,20150728,1,328.0,0.0,0.0,0.09,0.009999999999999995,-0.44829622007154013,-0.22182596430493545
ALL,20150505,2,154.5,0.5,0.5,0.7,0.42499999999999993,0.19040540109652881,0.1691153561810113
ALLY,20150305,2,92.0,0.5,0.5,0.465,0.185,-0.04003862047862011,-0.08170004130905922
ALLY,20150311,4,130.25,0.75,0.5,0.57,0.24499999999999994,0.08299120086224782,-0.01548482516214289
ALXN,20150506,1,147.0,1.0,1.0,0.69,0.43999999999999995,0.15984958286004158,0.1834415472302971
AMAT,20150427,1,158.0,0.0,0.0,0.15,0.13,-0.38082409767323033,-0.12476419086878454
AMGN,20150421,1,90.0,1.0,1.0,0.71,0.36999999999999994,0.1841221752245179,0.103492587836643
AMGN,20150730,1,394.0,1.0,1.0,0.62,0.49,0.07964158242933062,0.2652967211420556
AMZN,20150423,1,315.0,0.0,0.0,0.44,0.08000000000000002,-0.09785141984092821,-0.1533233584222096
AMZN,20150723,1,172.0,1.0,0.0,0.95,0.08999999999999997,0.41836845568681746,-0.16254457467646843
ANTM,20150622,1,136.0,1.0,0.0,0.63,0.12,0.10056269038889187,-0.13839730303711945
ANTM,20150722,2,147.5,0.5,0.5,0.67,0.54,0.16083727338651654,0.28296968506295794
ANTM,20150724,1,386.0,0.0,0.0,0.56,0.41000000000000003,0.01987604273928123,0.1844725491127587
APA,20150408,1,152.0,1.0,1.0,0.93,0.3500000000000001,0.39953876887165163,0.09426265158371466
APO,20150601,2,176.5,0.5,0.5,0.585,0.31499999999999995,0.07413877428304205,0.06259954675908119
ARCC,20150723,1,174.0,0.0,0.0,0.39,0.06,-0.14174273755230415,-0.19223324069925618
ARES,20150610,1,229.0,1.0,1.0,0.69,0.58,0.1555278861481183,0.33580418818456065
ARES,20150723,1,179.0,0.0,0.0,0.29,0.24999999999999997,-0.2420164827308579,-0.0014610884139492353
ARRS,20150422,1,178.0,0.0,0.0,0.56,0.51,0.02803779127313999,0.2583851836819649
ATI,20150623,1,304.0,0.0,0.0,0.35,0.09999999999999998,-0.18746347945728514,-0.13461745979138592
AVGO,20150528,1,298.0,0.0,0.0,0.48,0.09999999999999998,-0.05724714811839782,-0.1353342022415679
AVP,20150514,1,144.0,0.0,0.0,0.26,0.0,-0.26996005523263444,-0.2570555456871563
AXP,20150305,2,277.5,0.0,0.0,0.25,0.07500000000000001,-0.26546179288521854,-0.163398251511174
AXP,20150311,5,266.2,0.2,0.0,0.386,0.08600000000000002,-0.10123430527865163,-0.15455676071243205
AXP,20150416,1,250.0,1.0,1.0,0.7,0.26999999999999996,0.164620589186941,0.028630752158972622
AXP,20150529,2,163.0,0.5,0.5,0.47,0.30999999999999994,-0.040099406729317666,0.05548229936203669
AXP,20150722,1,22.0,0.0,0.0,0.05,0.0,-0.46659118086327406,-0.27327034493925734
BA,20150224,2,320.5,0.5,0.5,0.58,0.44999999999999996,0.0629777721229009,0.21675990893895505
BA,20150623,1,262.0,1.0,1.0,0.97,0.5,0.4341287390531643,0.2601925675914918
BA,20150713,1,431.0,1.0,1.0,0.76,0.35000000000000003,0.21860467042730392,0.1289835461557826
BA,20150721,2,196.5,0.5,0.5,0.5900000000000001,0.5100000000000001,0.07808871715377308,0.2606192241082493
BA,20150722,1,457.0,0.0,0.0,0.42,0.06,-0.12208169725992907,-0.15853964029751969
BA,20150729,2,104.0,0.5,0.5,0.725,0.475,0.21893796817774702,0.2104623595942977
BABA,20150311,1,423.0,0.0,0.0,0.1,0.03,-0.44117740186771115,-0.19179688467215908
BAC,20150224,1,271.0,1.0,1.0,0.63,0.52,0.09377138119385797,0.2813398773250485
BAC,20150305,2,259.0,1.0,1.0,0.9,0.545,0.38526914076752006,0.30425121761005874
BAC,20150311,5,268.2,0.4,0.2,0.5660000000000001,0.16600000000000004,0.07868645104559124,-0.07430215736829038
BAC,20150415,1,86.0,0.0,0.0,0.04,0.02,-0.48550907257159076,-0.24723070970973351
BAC,20150508,1,452.0,1.0,0.0,0.63,0.09999999999999998,0.08804779479774527,-0.11900908324421441
BAC,20150520,2,391.0,0.5,0.0,0.565,0.0,0.04574818223876831,-0.22556555516291046
BAC,20150715,3,214.33333333333334,0.0,0.0,0.19000000000000003,0.12000000000000004,-0.31048447561321335,-0.12712381136159312
BAC,20150722,1,52.0,0.0,0.0,0.18,0.10999999999999999,-0.3417358508549995,-0.1629860588342154
BBT,20150305,2,341.0,1.0,0.5,0.8200000000000001,0.2250000000000001,0.30229196607753084,-0.005916047901494942
BBT,20150311,4,233.5,0.5,0.5,0.6124999999999999,0.3949999999999999,0.11986639303706426,0.15031150325164216
BBY,20150521,1,227.0,0.0,0.0,0.48,0.47,-0.05438234720736501,0.22552849182087306
BGC,20150317,1,488.0,0.0,0.0,0.27,0.05000000000000002,-0.27285983705132766,-0.16569801052742683
BGCP,20150317,1,265.0,0.0,0.0,0.02,0.0,-0.5159914422415209,-0.23942275145929776
BHI,20150722,1,297.0,0.0,0.0,0.6,0.31999999999999995,0.06278924285641185,0.08454557727645876
BIIB,20150724,1,185.0,0.0,0.0,0.41,0.33999999999999997,-0.12233730953844507,0.089453983726545
BLDR,20150413,1,368.0,0.0,0.0,0.48,0.04999999999999999,-0.05958177880269433,-0.17741951394328603
BLK,20150416,1,44.0,0.0,0.0,0.34,0.18000000000000002,-0.18060771105413204,-0.09398483457673215
BLK,20150715,1,14.0,1.0,1.0,0.94,0.18999999999999995,0.42545116804452054,-0.0785868009296653
BMY,20150723,1,238.0,0.0,0.0,0.56,0.24000000000000005,0.025131372185587808,-0.0029693940805518015
BX,20150410,3,228.33333333333334,0.3333333333333333,0.3333333333333333,0.57,0.43666666666666665,0.06887227320031597,0.19150040113960576
BX,20150507,1,45.0,0.0,0.0,0.09,-0.010000000000000009,-0.43075585292418284,-0.28387695130717633
BX,20150529,2,389.5,0.5,0.5,0.52,0.435,0.0007921198221532144,0.20927997348060143
BX,20150602,1,164.0,1.0,0.0,0.83,0.1499999999999999,0.29882340617152126,-0.10380423059916655
BX,20150716,2,245.5,0.5,0.5,0.56,0.33000000000000007,0.04582895892330696,0.08748090244449522
BX,20150723,3,257.0,0.0,0.0,0.3233333333333333,0.1533333333333333,-0.17902065878633183,-0.08799900091692361
C,20150302,2,272.0,0.5,0.5,0.55,0.18500000000000005,0.03475138616780282,-0.05408826703156991
C,20150303,1,297.0,1.0,1.0,0.76,0.37,0.22278924285641188,0.1345455772764588
C,20150311,1,389.0,0.0,0.0,0.56,0.4600000000000001,0.019787665719049108,0.2347827925115033
C,20150313,1,66.0,1.0,1.0,0.88,0.7,0.3565464104946324,0.42922705879039996
C,20150401,1,271.0,0.0,0.0,0.42,0.16999999999999998,-0.11622861880614205,-0.0686601226749515
C,20150402,1,260.0,1.0,1.0,0.94,0.32999999999999996,0.40420946423358195,0.08993484811986582
C,20150413,1,257.0,0.0,0.0,0.3,0.15,-0.23566852533810595,-0.09045365001245118
C,20150416,1,289.0,0.0,0.0,0.1,0.020000000000000004,-0.43691607308447233,-0.2164241939429003
C,20150420,1,418.0,1.0,1.0,0.68,0.44000000000000006,0.13896050016195727,0.21771078243316552
C,20150508,2,454.0,0.0,0.0,0.44,0.31,-0.08098501046293832,0.09062468913944366
C,20150512,1,285.0,1.0,1.0,0.95,0.36,0.4132337018355472,0.1230854902935806
C,20150519,1,135.0,1.0,1.0,0.67,0.44000000000000006,0.1406296548551894,0.181433334895583
C,20150520,2,62.5,0.5,0.5,0.64,0.36,0.13796929216783116,0.08808520531529868
C,20150625,1,190.0,0.0,0.0,0.12,0.09999999999999999,-0.41259858687055373,-0.1497928876349237
C,20150716,1,480.0,0.0,0.0,0.31,0.16,-0.23266295958521027,-0.056420283527890885
C,20150724,1,190.0,0.0,0.0,0.15,0.01999999999999999,-0.3825985868705537,-0.2297928876349237
CAG,20150618,1,433.0,0.0,0.0,0.28,0.14,-0.26144929997916677,-0.080822728144124
CAH,20150605,1,304.0,0.0,0.0,0.4,0.29000000000000004,-0.1374634794572851,0.055382540208614134
CAT,20150723,1,426.0,0.0,0.0,0.43,0.07,-0.11125951209387791,-0.15150317891614168
CBS,20150507,2,166.0,1.0,0.5,0.69,0.09499999999999997,0.17972723087444142,-0.15904154273948867
CCI,20150514,1,403.0,0.0,0.0,0.28,0.18000000000000002,-0.2606176458505717,-0.04378792343465557
CCI,20150714,1,16.0,0.0,0.0,0.06,0.0,-0.4551048259932767,-0.27031698820043837
CELG,20150714,1,92.0,0.0,0.0,0.07,-0.009999999999999995,-0.45605775071247906,-0.27614565327943336
CG,20150707,1,18.0,1.0,1.0,0.85,0.78,0.3343717689096324,0.5083980855583317
CHTR,20150226,1,395.0,1.0,0.0,0.86,0.04999999999999993,0.31961254509594306,-0.17460095993702784
CHTR,20150331,1,189.0,0.0,0.0,0.39,0.08000000000000002,-0.14254676007334532,-0.1699428350080514
CHTR,20150417,2,164.0,0.5,0.5,0.77,0.5,0.25984253640538013,0.24564138137120767
CHTR,20150424,2,68.0,0.5,0.5,0.575,0.355,0.07234152797222237,0.08401504821409561
CHTR,20150512,1,388.0,0.0,0.0,0.1,-0.009999999999999995,-0.4401829364096145,-0.23532046370484894
CHTR,20150520,1,47.0,1.0,1.0,0.98,0.76,0.4589542956692354,0.48635517557302244
CHTR,20150522,1,421.0,0.0,0.0,0.01,0.0,-0.5311223999032563,-0.2219933920704353
CHTR,20150525,1,279.0,0.0,0.0,0.01,0.0,-0.5265384824004224,-0.2376569340936798
CHTR,20150526,1,433.0,0.0,0.0,0.38,0.12,-0.1614492999791668,-0.10082272814412402
CHTR,20150730,1,284.0,0.0,0.0,0.24,0.15,-0.2967285943313287,-0.08703766403799024
CI,20150622,1,442.0,1.0,0.0,0.94,0.09999999999999998,0.39831030063650785,-0.1199576682615808
CI,20150722,2,138.0,0.5,0.5,0.47500000000000003,0.33,-0.033551001223112886,0.071385943486236
CI,20150724,1,378.0,1.0,0.0,0.71,0.039999999999999925,0.17011444610309312,-0.18636180929910517
CMCSA,20150224,1,135.0,1.0,1.0,0.91,0.46,0.3806296548551894,0.20143333489558296
CMCSA,20150226,2,156.5,0.0,0.0,0.11,0.045,-0.3997152491913287,-0.21056062690499222
CMCSA,20150331,2,426.5,0.0,0.0,0.14,0.08000000000000002,-0.3802540214282656,-0.14200873839053055
CMCSA,20150417,2,257.5,0.0,0.0,0.38,0.16499999999999998,-0.13466980783709626,-0.07594312746568069
CMCSA,20150424,2,99.5,0.5,0.5,0.6,0.20999999999999996,0.09431106381440812,-0.055346053048488164
CMCSA,20150511,1,9.0,0.0,0.0,0.4,0.37,-0.11299241058723142,0.10920962260552686
CMCSA,20150617,1,308.0,0.0,0.0,0.25,0.03,-0.28760582189412986,-0.2041439321552538
CMCSA,20150618,1,301.0,1.0,1.0,0.78,0.66,0.2426442578659881,0.4250251454151931
CMCSA,20150619,1,38.0,1.0,1.0,0.98,0.95,0.460331084213096,0.6755133642819644
CMCSA,20150716,1,489.0,0.0,0.0,0.09,0.049999999999999996,-0.45288426186022135,-0.1656082502185275
CMCSA,20150723,2,449.5,0.5,0.5,0.725,0.27499999999999997,0.20413210695459594,0.055200604149758886
CME,20150317,1,65.0,0.0,0.0,0.19,0.03,-0.33333979198429625,-0.24094242723039241
CME,20150331,1,93.0,1.0,1.0,0.75,0.53,0.22385335287652142,0.26403517617941047
CNC,20150702,1,47.0,1.0,0.0,0.88,0.08999999999999997,0.3589542956692354,-0.1836448244269776
COP,20150730,1,349.0,0.0,0.0,0.01,0.0,-0.5289858720476166,-0.22947631856492917
COST,20150302,2,182.0,0.5,0.0,0.765,0.25,0.2538412147445024,-0.0015563836128396624
COTY,20150709,1,140.0,0.0,0.0,0.03,0.019999999999999997,-0.4997015068940718,-0.23772349336447693
CRM,20150505,1,326.0,1.0,0.0,0.9,0.0,0.3617712847295461,-0.23205413850371276
CSCO,20150504,1,295.0,0.0,0.0,0.1,0.060000000000000005,-0.43713768233658756,-0.17569552573409822
CSCO,20150513,2,157.0,0.5,0.0,0.62,0.06999999999999995,0.11025477210124468,-0.18547985245433635
CTXS,20150728,1,489.0,1.0,1.0,0.76,0.34,0.2171157381397787,0.12439174978147255
CVS,20150430,1,455.0,1.0,1.0,0.78,0.39,0.23796996107120472,0.1712729653701478
CVS,20150520,1,81.0,1.0,1.0,0.8,0.51,0.2749697381636004,0.24186774829484636
CVS,20150521,1,61.0,1.0,1.0,0.98,0.58,0.4571280355787637,0.30839327623602014
CVX,20150327,1,168.0,1.0,1.0,0.77,0.45,0.23859385446705972,0.19682847547000404
CVX,20150501,1,400.0,1.0,1.0,0.7,0.21999999999999997,0.15946824051589725,-0.0040916708365727195
CVX,20150731,1,447.0,0.0,0.0,0.42,0.19999999999999998,-0.12182154694836173,-0.019481742672943975
DAL,20150305,1,269.0,1.0,1.0,0.8,0.79,0.2638499751667577,0.5510866558452211
DAL,20150416,1,409.0,1.0,1.0,0.84,0.83,0.2992121165853908,0.6068155257602964
DAL,20150727,1,207.0,0.0,0.0,0.45,0.040000000000000036,-0.08344889480939371,-0.20729434957881732
DD,20150513,1,429.0,1.0,0.0,0.79,0.12,0.24865884375971714,-0.10121072884411403
DD,20150728,1,465.0,0.0,0.0,0.22,0.010000000000000009,-0.3222865146386069,-0.2077951011344177
DE,20150522,1,478.0,1.0,1.0,0.89,0.46,0.3473866761634036,0.24339797172013353
DHR,20150513,2,314.0,0.0,0.0,0.23,0.15000000000000002,-0.2867974719405286,-0.08399434817012547
DIS,20150505,1,497.0,0.0,0.0,0.26,0.14,-0.28307821140121403,-0.0748942903645324
DIS,20150723,1,186.0,0.0,0.0,0.11,0.05,-0.42238999759131124,-0.20039470988825836
DISH,20150603,1,481.0,1.0,0.0,0.94,0.019999999999999907,0.3973122855336091,-0.19632958882774007
DISH,20150716,1,100.0,1.0,1.0,0.88,0.71,0.35324987319946066,0.44529834283531067
DLR,20150714,1,298.0,0.0,0.0,0.01,0.0,-0.5272471481183978,-0.23533420224156787
DLTR,20150706,1,337.0,0.0,0.0,0.31,0.27,-0.22859598517095098,0.0391912137939536
EBAY,20150422,1,476.0,1.0,1.0,0.83,0.2899999999999999,0.2874364809318529,0.07321575084832405
EBAY,20150619,1,104.0,0.0,0.0,0.24,0.06999999999999998,-0.287081162056112,-0.19398325237607641
EBAY,20150714,1,245.0,1.0,1.0,0.98,0.6799999999999999,0.4448310231674185,0.4379687910705576
EBAY,20150716,2,352.5,1.0,0.5,0.77,0.28,0.2519215642338529,0.05035296355793473
EIGI,20150706,1,211.0,1.0,1.0,0.99,0.95,0.4563589588546817,0.7032800321665278
EMC,20150526,1,237.0,1.0,1.0,0.97,0.28,0.435174843085006,0.036895470564642485
EMC,20150722,1,284.0,1.0,1.0,0.61,0.25,0.0732714056686713,0.012962335962009769
ENDP,20150311,2,327.5,0.5,0.5,0.665,0.28,0.1477397554987805,0.047562677748422655
ENDP,20150316,2,237.5,1.0,1.0,0.9299999999999999,0.73,0.4161722199284047,0.48640868522002345
EPD,20150601,1,475.0,0.0,0.0,0.51,0.33999999999999997,-0.03253855290881147,0.12312446099251295
ESRX,20150430,1,236.0,0.0,0.0,0.16,0.08,-0.3747815419662083,-0.16323994542270498
EXC,20150515,1,85.0,1.0,1.0,0.81,0.32000000000000006,0.284585050846497,0.05258865621443798
F,20150303,1,140.0,1.0,1.0,0.98,0.8099999999999999,0.4502984931059282,0.5522765066355231
F,20150317,1,412.0,0.0,0.0,0.03,0.009999999999999998,-0.5108722478089344,-0.2128847459999038
F,20150401,1,87.0,0.0,0.0,0.32,0.0,-0.20560240743048147,-0.26704997299960503
F,20150416,1,280.0,0.0,0.0,0.16,0.010000000000000009,-0.37657671934469183,-0.22753261052370813
F,20150508,2,302.5,0.5,0.5,0.605,0.48,0.08860941327795846,0.24464969746852866
F,20150602,1,285.0,0.0,0.0,0.56,0.16000000000000003,0.023233701835547294,-0.07691450970641936
F,20150605,1,103.0,0.0,0.0,0.06,0.049999999999999996,-0.46699929422945435,-0.21416255658084415
F,20150701,1,492.0,0.0,0.0,0.27,0.15000000000000002,-0.2729572933494503,-0.06533965967973782
F,20150708,1,311.0,1.0,1.0,0.88,0.81,0.3422883833351833,0.5762089932821313
F,20150716,2,423.5,0.0,0.0,0.07500000000000001,0.010000000000000009,-0.44517198928474083,-0.21230223403164017
F,20150728,2,436.5,0.0,0.0,0.33,0.015000000000000013,-0.19052413461780077,-0.20603940758397488
FB,20150422,1,484.0,0.0,0.0,0.4,0.06,-0.14276172898491346,-0.15605821129611358
FB,20150729,2,162.5,0.0,0.0,0.505,0.405,-0.0050702760479621745,0.15040262202311888
FCAU,20150303,1,46.0,0.0,0.0,0.03,0.009999999999999998,-0.49090182732558596,-0.26376347797348243
FCAU,20150317,1,95.0,1.0,1.0,0.62,0.5,0.09367763149011687,0.23439663749721112
FCAU,20150416,2,342.5,0.5,0.5,0.5700000000000001,0.19500000000000006,0.052243091109766326,-0.035749147407982074
FCAU,20150501,1,25.0,1.0,0.0,0.78,0.030000000000000027,0.26274859746111856,-0.2439909902287407
FCAU,20150602,1,262.0,0.0,0.0,0.07,0.060000000000000005,-0.4658712609468357,-0.17980743240850822
FCAU,20150701,1,130.0,1.0,1.0,0.64,0.47,0.1109701996773812,0.21058112878672852
FCAU,20150716,2,237.5,0.0,0.0,0.31999999999999995,0.15999999999999995,-0.1938277800715953,-0.08359131477997658
FCAU,20150723,1,381.0,0.0,0.0,0.11,0.009999999999999995,-0.42997542643175335,-0.2160477134743875
FCAU,20150724,1,411.0,0.0,0.0,0.35,-0.010000000000000009,-0.19084418158496852,-0.23298450882320593
FCAU,20150730,3,205.66666666666666,0.3333333333333333,0.3333333333333333,0.3666666666666667,0.16000000000000003,-0.13340300447473286,-0.08836561549629379
FCX,20150324,1,264.0,1.0,1.0,0.76,0.42,0.22404849838606844,0.18044927329228327
FDX,20150318,1,201.0,1.0,1.0,0.71,0.15999999999999992,0.17684480981317707,-0.08816543834752069
FDX,20150407,1,118.0,1.0,0.0,0.9,0.040000000000000036,0.3718295863858265,-0.22149959703704092
FDX,20150617,1,44.0,0.0,0.0,0.1,0.03,-0.4206077110541321,-0.24398483457673217
FDX,20150713,1,288.0,0.0,0.0,0.44,0.38,-0.09687878415767609,0.14345357052971378
FDX,20150721,2,183.0,0.0,0.0,0.46,0.2,-0.051212140312556,-0.051404046030635475
FDX,20150731,1,312.0,0.0,0.0,0.2,0.17,-0.337746701081815,-0.06367378349605876
FIS,20150730,1,58.0,1.0,1.0,0.84,0.49,0.3174930965262641,0.21791263723367588
FIT,20150618,2,334.0,1.0,1.0,0.7649999999999999,0.42999999999999994,0.24752234850793975,0.19829949564404642
FOXA,20150506,1,33.0,0.0,0.0,0.53,0.23000000000000004,0.011189275890699846,-0.044638803486517054
FOXA,20150611,2,113.0,0.0,0.0,0.295,0.03999999999999998,-0.2117738551408747,-0.22293472981417228
FOXA,20150616,1,273.0,0.0,0.0,0.21,0.12,-0.326306755814045,-0.11840787872890315
FOXA,20150723,1,78.0,0.0,0.0,0.51,0.24,-0.01473268116369486,-0.028670263557137032
GCI,20150420,1,292.0,0.0,0.0,0.5,0.030000000000000027,-0.037027329298974454,-0.20605884839927727
GE,20150410,2,272.5,0.0,0.0,0.56,0.2750000000000001,0.044731866150005684,0.03597476346874448
GE,20150417,1,388.0,1.0,1.0,0.71,0.1499999999999999,0.1698170635903855,-0.07532046370484904
GE,20150601,1,259.0,0.0,0.0,0.47,0.07999999999999996,-0.06574998946633881,-0.16019439436031546
GE,20150609,1,115.0,0.0,0.0,0.04,0.010000000000000002,-0.4879454197207595,-0.25202713665739557
GE,20150701,2,382.5,0.0,0.0,0.27,0.030000000000000027,-0.24900101925527918,-0.19644560090695795
GE,20150717,1,245.0,1.0,1.0,0.98,0.48,0.4448310231674185,0.23796879107055763
GEVA,20150506,1,99.0,1.0,1.0,1.0,0.75,0.4733341494354679,0.4851182862675579
GFIG,20150317,1,100.0,0.0,0.0,0.27,0.13,-0.2567501268005393,-0.1347016571646893
GGP,20150309,1,379.0,0.0,0.0,0.45,0.07,-0.08991557492298335,-0.15625694787281805
GGP,20150317,1,420.0,1.0,1.0,0.98,0.21999999999999997,0.43890518028063497,-0.002091858193195323
GGP,20150421,1,191.0,1.0,1.0,0.63,0.21000000000000002,0.09734979681802136,-0.03964327711730434
GILD,20150430,1,185.0,0.0,0.0,0.34,0.31000000000000005,-0.19233730953844502,0.05945398372654509
GILD,20150728,1,7.0,0.0,0.0,0.19,0.16,-0.3223012250639751,-0.09493628094738668
GLPI,20150309,1,37.0,1.0,1.0,0.61,0.51,0.09049670899074569,0.23545973705623546
GLPI,20150707,1,403.0,1.0,0.0,0.67,0.09000000000000008,0.12938235414942834,-0.1337879234346555
GLPI,20150721,1,169.0,1.0,0.0,0.77,-0.010000000000000009,0.2385371219597734,-0.2630142495502107
GM,20150303,1,45.0,1.0,0.0,0.65,0.13,0.12924414707581722,-0.14387695130717632
GM,20150317,1,9.0,0.0,0.0,0.45,0.42000000000000004,-0.06299241058723143,0.1592096226055269
GM,20150401,1,330.0,0.0,0.0,0.11,0.03,-0.4283633971150792,-0.20159857308075108
GM,20150406,1,471.0,0.0,0.0,0.48,0.19999999999999996,-0.0624382593913283,-0.017241902812943632
GM,20150416,1,457.0,0.0,0.0,0.26,0.010000000000000009,-0.28208169725992904,-0.20853964029751967
GM,20150501,1,390.0,1.0,1.0,0.74,0.17000000000000004,0.19975832861509402,-0.05511410880855794
GM,20150508,2,292.5,0.0,0.0,0.22,0.06999999999999998,-0.2960266535232463,-0.1665525428185032
GM,20150602,1,253.0,1.0,0.0,0.93,0.13,0.3944959125838595,-0.11097527352503955
GM,20150605,1,226.0,0.0,0.0,0.49,0.13,-0.04433723173575599,-0.11460979417238856
GM,20150701,1,468.0,1.0,0.0,0.7,-0.010000000000000009,0.15763741559114186,-0.22751795028017094
GM,20150708,1,315.0,1.0,1.0,0.8,0.7000000000000001,0.26214858015907183,0.46667664157779043
GM,20150716,1,210.0,1.0,0.0,0.99,-0.010000000000000009,0.4564067279364644,-0.25686309294835613
GM,20150723,1,173.0,1.0,0.0,0.66,0.08000000000000007,0.12831273561409196,-0.17238873005324257
GNW,20150302,1,335.0,1.0,1.0,0.67,0.20000000000000007,0.1314700716266114,-0.031033482472831664
GNW,20150402,1,35.0,0.0,0.0,0.08,0.009999999999999995,-0.43916326330926087,-0.26461476909796555
GOOGL,20150226,1,458.0,1.0,1.0,0.75,0.55,0.20789254228508525,0.33155386660488173
GOOGL,20150716,1,59.0,0.0,0.0,0.01,-0.01,-0.5126300123676149,-0.2819290853353606
GS,20150306,1,4.0,0.0,0.0,0.16,0.14,-0.35126779870236546,-0.09820266976449629
GS,20150311,1,21.0,0.0,0.0,0.23,0.11000000000000001,-0.28635995660994107,-0.16294200022243413
GS,20150406,1,389.0,1.0,1.0,0.9,0.74,0.3597876657190491,0.5147827925115032
GS,20150416,2,243.0,0.5,0.5,0.47,0.15999999999999998,-0.04406472741286094,-0.08285227500788095
GS,20150501,2,256.0,1.0,1.0,0.8999999999999999,0.595,0.38539152439304325,0.3538619466902474
GS,20150529,1,12.0,1.0,1.0,1.01,0.61,0.49604360136123926,0.34377192040391524
GS,20150702,1,183.0,1.0,1.0,0.74,0.18999999999999995,0.20776872945358504,-0.060849658001009665
GS,20150706,2,43.5,0.0,0.0,0.335,0.044999999999999984,-0.1645136741802763,-0.2295909300135634
GS,20150716,1,110.0,0.0,0.0,0.25,0.01999999999999999,-0.27756053181502993,-0.242912300795921
GS,20150730,2,218.5,0.0,0.0,0.43999999999999995,0.11499999999999994,-0.07297466805372077,-0.13121076314091884
HAL,20150722,1,103.0,0.0,0.0,0.36,0.33999999999999997,-0.16699929422945436,0.07583744341915583
HCBK,20150415,1,214.0,0.0,0.0,0.02,-0.009999999999999998,-0.5137832985351685,-0.2562924567206501
HD,20150224,1,400.0,1.0,1.0,0.84,0.31999999999999995,0.29946824051589727,0.09590832916342726
HD,20150519,1,322.0,1.0,1.0,0.94,0.82,0.40190729174710793,0.5874871405729973
HD,20150722,1,487.0,0.0,0.0,0.29,0.019999999999999962,-0.25283537150795315,-0.19578788645454334
HES,20150611,2,438.0,0.5,0.0,0.475,0.09499999999999997,-0.04556421873888028,-0.1258951825308879
HES,20150729,1,418.0,0.0,0.0,0.58,0.039999999999999925,0.03896050016195718,-0.1822892175668346
HIG,20150729,1,94.0,0.0,0.0,0.26,0.13,-0.2662348490557974,-0.13578405407303
HLT,20150716,1,220.0,0.0,0.0,0.15,0.06999999999999999,-0.384063213354051,-0.1754457142423811
HMSY,20150714,1,332.0,1.0,1.0,1.01,0.9,0.47156975013571767,0.668628040991632
HON,20150402,1,159.0,1.0,1.0,0.96,0.7,0.42911645070273285,0.4453967159714642
HON,20150417,1,178.0,0.0,0.0,0.38,0.010000000000000009,-0.15196220872686006,-0.2416148163180351
HON,20150717,1,495.0,1.0,1.0,0.65,0.5,0.1069700365159636,0.2849279021909045
HON,20150728,1,223.0,0.0,0.0,0.04,0.03,-0.4942009424789194,-0.21502641760796673
HPQ,20150224,1,420.0,0.0,0.0,0.38,0.36,-0.161094819719365,0.1379081418068047
HPQ,20150225,1,178.0,0.0,0.0,0.15,0.12,-0.38196220872686004,-0.13161481631803512
HPQ,20150302,1,81.0,1.0,1.0,1.01,0.27,0.48496973816360034,0.001867748294846372
HPQ,20150421,1,437.0,1.0,1.0,0.99,0.85,0.44844336140573726,0.6295630891355859
HPQ,20150521,2,339.0,0.0,0.0,0.535,0.125,0.017357400874854823,-0.10613923521941343
HRC,20150617,1,217.0,0.0,0.0,0.55,0.45000000000000007,0.016075989565222604,0.20413228357116586
HRG,20150428,1,390.0,0.0,0.0,0.16,0.11,-0.38024167138490594,-0.11511410880855798
HUM,20150625,1,79.0,1.0,1.0,0.73,0.43,0.20516722712258773,0.16150874387264103
HUM,20150703,1,260.0,0.0,0.0,0.28,-0.009999999999999953,-0.25579053576641797,-0.2500651518801341
IBM,20150420,1,464.0,0.0,0.0,0.44,0.22,-0.10226106954000475,0.002112268339595297
IBM,20150520,1,287.0,0.0,0.0,0.52,0.22000000000000003,-0.01684139244533467,-0.0166688933353748
IBM,20150720,1,255.0,0.0,0.0,0.23,0.08000000000000002,-0.3055865602606971,-0.16071394024738941
ICE,20150708,1,20.0,1.0,1.0,0.83,0.6399999999999999,0.31387736958026846,0.3674402607338047
IEP,20150518,1,341.0,1.0,0.0,1.01,0.19999999999999996,0.47127283584367197,-0.030361659871869257
INTC,20150312,1,402.0,1.0,0.0,0.76,0.15000000000000002,0.2194109255002663,-0.07388902157431856
INTC,20150327,2,220.0,0.5,0.0,0.35000000000000003,0.030000000000000027,-0.16304408312019208,-0.21600010227200694
INTC,20150414,2,184.0,0.5,0.5,0.525,0.375,0.013734729029010517,0.12374794670100625
INTC,20150601,1,24.0,1.0,1.0,0.85,0.18999999999999995,0.33296338895783606,-0.08378980524165575
INTC,20150702,1,136.0,0.0,0.0,0.47,0.18,-0.05943730961110816,-0.07839730303711945
INTC,20150715,2,288.5,0.0,0.0,0.42000000000000004,0.255,-0.09587831119667278,0.017960328749565935
JACK,20150706,1,44.0,0.0,0.0,0.01,0.0,-0.510607711054132,-0.2739848345767322
JBLU,20150305,1,322.0,1.0,1.0,0.71,0.21999999999999997,0.17190729174710795,-0.012512859427002587
JCI,20150331,1,396.0,1.0,0.0,0.77,0.09999999999999998,0.22958356691648518,-0.12449879540177491
JCI,20150402,1,256.0,1.0,1.0,0.79,0.45,0.25437239415918445,0.2094163347198733
JCI,20150610,1,75.0,0.0,0.0,0.18,0.13,-0.34442679116981684,-0.13920478255012075
JNJ,20150304,1,196.0,0.0,0.0,0.21,0.10999999999999999,-0.32290519227101455,-0.13890023610908703
JNJ,20150414,1,412.0,1.0,0.0,0.94,0.10999999999999999,0.39912775219106555,-0.11288474599990383
JNJ,20150714,1,287.0,1.0,1.0,0.75,0.4,0.2131586075546653,0.1633311066646252
JPM,20150225,1,98.0,0.0,0.0,0.16,0.12,-0.36658094726429424,-0.14506192696855807
JPM,20150311,1,375.0,1.0,1.0,0.86,0.26,0.32020489382430384,0.033322622758072934
JPM,20150313,1,256.0,0.0,0.0,0.08,-0.009999999999999995,-0.4556276058408156,-0.2505836652801267
JPM,20150414,2,168.5,0.5,0.5,0.535,0.14500000000000002,0.02458458617238035,-0.10864723014834154
JPM,20150508,1,358.0,1.0,1.0,0.61,0.14,0.0707286969822688,-0.08849415615900225
JPM,20150512,1,454.0,0.0,0.0,0.23,0.07,-0.31200414069679716,-0.1488209228309304
JPM,20150519,1,342.0,0.0,0.0,0.18,0.0,-0.35875976652532765,-0.23025034638067907
JPM,20150520,2,470.0,0.5,0.5,0.765,0.63,0.2436060522467688,0.41211181532674246
JPM,20150617,1,435.0,1.0,1.0,0.94,0.36,0.39849693089013605,0.13937045170909493
JPM,20150714,1,105.0,0.0,0.0,0.17,0.09000000000000001,-0.3571624515131825,-0.17380416438750051
JPM,20150721,1,334.0,1.0,0.0,0.97,0.15999999999999992,0.4315032182740809,-0.07114611632632767
KHC,20150324,1,189.0,1.0,0.0,0.68,0.030000000000000027,0.1474532399266547,-0.2199428350080514
KHC,20150325,2,181.0,0.5,0.5,0.6,0.475,0.0888947963042439,0.22329093285043872
KKR,20150227,2,104.0,0.5,0.5,0.44999999999999996,0.18499999999999994,-0.056062031822253,-0.07953764040570233
KKR,20150423,1,464.0,1.0,1.0,0.92,0.56,0.3777389304599953,0.34211226833959535
KKR,20150610,1,39.0,1.0,1.0,0.7,0.17999999999999994,0.18016823813715055,-0.09442325861365164
KKR,20150623,1,333.0,0.0,0.0,0.38,0.19,-0.1584635556952939,-0.04125894160126917
KKR,20150709,1,418.0,0.0,0.0,0.04,0.010000000000000002,-0.5010394998380427,-0.21228921756683453
KKR,20150720,1,29.0,1.0,1.0,0.85,0.54,0.3319363643374009,0.2655064201637353
KKR,20150730,1,480.0,1.0,1.0,0.83,0.47,0.2873370404147897,0.2535797164721091
KO,20150722,1,406.0,0.0,0.0,0.57,0.04999999999999993,0.029296981727549354,-0.1734855290094852
KR,20150625,1,500.0,0.0,0.0,0.19,0.16,-0.353150287844789,-0.0546284234599789
LC,20150306,1,36.0,0.0,0.0,0.57,0.24999999999999994,0.05066522130101969,-0.024583288172847384
LIVN,20150226,1,459.0,0.0,0.0,0.19,0.16,-0.3521331725983095,-0.05835275282408922
LL,20150521,1,267.0,0.0,0.0,0.26,0.25,-0.27607096798748476,0.010832448915190723
LLY,20150723,1,137.0,0.0,0.0,0.05,0.010000000000000002,-0.479503903541914,-0.24822830380230904
LNKD,20150409,1,406.0,0.0,0.0,0.36,0.07999999999999996,-0.1807030182724506,-0.14348552900948516
LO,20150526,1,367.0,1.0,1.0,0.69,0.1399999999999999,0.15044896196384772,-0.08752620616951146
LO,20150609,1,190.0,0.0,0.0,0.55,0.12000000000000005,0.01740141312944632,-0.12979288763492364
LOW,20150225,1,256.0,0.0,0.0,0.24,0.009999999999999981,-0.2956276058408156,-0.23058366528012672
LOW,20150520,1,161.0,0.0,0.0,0.05,0.04,-0.4810016009617358,-0.2142825683307686
LUV,20150305,1,125.0,0.0,0.0,0.41,0.0,-0.1186792608868052,-0.26027990890605956
M,20150513,1,409.0,1.0,1.0,0.79,0.7000000000000001,0.24921211658539089,0.4768155257602965
MA,20150429,1,295.0,0.0,0.0,0.43,0.21,-0.10713768233658755,-0.025695525734098223
MAC,20150309,1,15.0,0.0,0.0,0.46,0.35000000000000003,-0.05483114082737911,0.08048296374489033
MAC,20150317,1,217.0,0.0,0.0,0.43,0.25,-0.10392401043477745,0.004132283571165796
MAC,20150320,1,31.0,0.0,0.0,0.37,0.36,-0.14844459197035875,0.08539748770732669
MCD,20150401,1,9.0,0.0,0.0,0.42,0.19999999999999998,-0.09299241058723146,-0.060790377394473155
MCD,20150504,1,197.0,0.0,0.0,0.4,0.34,-0.13295558420646714,0.09124737810058481
MCD,20150508,1,33.0,0.0,0.0,0.6,0.25999999999999995,0.0811892758906998,-0.014638803486517138
MCD,20150527,2,273.5,1.0,0.5,0.65,0.10999999999999999,0.13469291088740876,-0.1288993575913653
MCD,20150723,1,93.0,1.0,1.0,0.61,0.48,0.0838533528765214,0.21403517617941042
MCK,20150430,1,205.0,0.0,0.0,0.25,0.2,-0.28335173681896,-0.047583433930022956
MET,20150414,1,389.0,1.0,0.0,1.01,0.15000000000000002,0.46978766571904906,-0.07521720748849675
MET,20150506,1,122.0,1.0,0.0,0.78,0.10999999999999999,0.25153613847420964,-0.15080064933447845
MET,20150729,1,15.0,1.0,0.0,0.64,0.06000000000000005,0.12516885917262088,-0.20951703625510965
MGI,20150505,1,440.0,0.0,0.0,0.1,0.020000000000000004,-0.4416366219985485,-0.20014896437282492
MGI,20150506,1,40.0,0.0,0.0,0.24,0.03,-0.2799919318606119,-0.2443509039511597
MGM,20150616,1,326.0,0.0,0.0,0.04,-0.010000000000000002,-0.4982287152704539,-0.24205413850371277
MMM,20150623,1,76.0,1.0,1.0,0.63,0.34,0.105470290095112,0.07097292627483143
MMS,20150309,1,331.0,0.0,0.0,0.15,0.13,-0.3883968638122415,-0.10148516926210505
MO,20150526,1,44.0,0.0,0.0,0.25,0.2,-0.27060771105413206,-0.07398483457673216
MON,20150430,1,69.0,1.0,0.0,0.8,0.010000000000000009,0.27621212713513055,-0.2602578450925792
MON,20150507,1,33.0,1.0,0.0,0.89,0.07000000000000006,0.37118927589069983,-0.20463880348651703
MON,20150508,1,256.0,1.0,0.0,0.93,-0.009999999999999898,0.39437239415918446,-0.2505836652801266
MON,20150624,1,469.0,1.0,1.0,0.67,0.47000000000000003,0.12761214695231016,0.25257418765477524
MON,20150714,2,106.0,0.0,0.0,0.255,0.06,-0.2512240413968172,-0.20417969069331193
MPC,20150429,1,404.0,0.0,0.0,0.53,0.41000000000000003,-0.010646160097580126,0.18631302437590094
MRK,20150430,1,113.0,0.0,0.0,0.56,0.30000000000000004,0.03220701462526643,0.037619658215453655
MRK,20150728,1,98.0,0.0,0.0,0.57,0.4099999999999999,0.04341905273570568,0.14493807303144185
MS,20150306,1,424.0,1.0,1.0,0.79,0.45,0.24879517591193867,0.22830115750909982
MS,20150311,1,131.0,0.0,0.0,0.19,0.1,-0.33909868841304386,-0.1592477156731603
MS,20150324,1,490.0,0.0,0.0,0.55,0.13000000000000006,0.007091353918011634,-0.08551860519497284
MS,20150401,1,340.0,1.0,1.0,0.8,0.52,0.26130551476765673,0.2895268400867364
MSFT,20150416,1,134.0,1.0,1.0,0.81,0.7300000000000001,0.28069699446436014,0.47126361120048704
MSFT,20150423,1,100.0,1.0,1.0,0.64,0.28,0.11324987319946067,0.01529834283531073
MSFT,20150505,1,328.0,0.0,0.0,0.41,0.06,-0.12829622007154012,-0.17182596430493544
MSFT,20150617,1,250.0,0.0,0.0,0.33,0.2,-0.20537941081305894,-0.04136924784102733
MSFT,20150629,1,150.0,0.0,0.0,0.13,0.05,-0.4003378520585933,-0.20606468244569498
MSFT,20150708,2,137.5,0.0,0.0,0.295,0.27999999999999997,-0.21351793273842984,0.02130167137993405
MSFT,20150721,1,127.0,0.0,0.0,0.23,0.14,-0.2988207177335418,-0.1199344509276895
MSI,20150402,1,288.0,1.0,0.0,0.62,0.09999999999999998,0.0831212158423239,-0.13654642947028625
MTB,20150415,1,401.0,0.0,0.0,0.35,0.019999999999999962,-0.1905604457948753,-0.2039902705413704
MU,20150713,2,192.5,0.5,0.5,0.445,0.11499999999999999,-0.06670810685458278,-0.13497387840714978
MYL,20150408,1,486.0,1.0,1.0,0.92,0.77,0.3771891349180867,0.5541221216657746
MYL,20150417,1,451.0,0.0,0.0,0.54,-0.010000000000000009,-0.001926167577376403,-0.22910335623836103
MYL,20150420,1,157.0,1.0,1.0,0.74,0.55,0.20923564186738586,0.2950745355752896
MYL,20150421,2,359.5,0.5,0.5,0.5700000000000001,0.18500000000000005,0.051700815919841214,-0.04388624449759926
MYL,20150424,2,283.0,0.5,0.0,0.73,0.05499999999999994,0.2143283450505198,-0.1827154383881489
MYL,20150427,1,364.0,1.0,1.0,1.01,0.47,0.4705415894052678,0.24215269508464213
MYL,20150429,2,141.0,0.5,0.0,0.63,0.08999999999999997,0.12125246719653315,-0.16811034320660717
MYL,20150505,1,380.0,1.0,0.0,0.73,0.14,0.19005446766329925,-0.0861522494510421
MYL,20150508,1,1.0,0.0,0.0,0.37,0.32,-0.1417136798333597,0.14523230193551104
MYL,20150723,2,205.5,0.5,0.5,0.62,0.20999999999999996,0.10764303508263129,-0.03806543169111637
NDAQ,20150506,1,117.0,1.0,1.0,0.95,0.53,0.42190410591968075,0.2683248658299671
NE,20150714,1,456.0,1.0,1.0,0.89,0.27,0.34794410894298033,0.05136672608579637
NFBK,20150706,1,247.0,0.0,0.0,0.53,0.34,-0.005253551895287756,0.09823438264108933
NFLX,20150226,1,175.0,0.0,0.0,0.29,0.05999999999999997,-0.24179796621798838,-0.1920781056453397
NFLX,20150415,1,101.0,0.0,0.0,0.05,-0.009999999999999995,-0.47683378621142164,-0.2745217705291353
NFLX,20150514,1,34.0,1.0,1.0,0.87,0.62,0.3510113779823588,0.34536633884057877
NFLX,20150609,1,80.0,1.0,1.0,0.78,0.34,0.25506803959303126,0.07168809467989218
NFLX,20150623,1,436.0,0.0,0.0,0.21,0.06999999999999998,-0.3315298787068073,-0.15053316198680794
NFLX,20150624,1,153.0,0.0,0.0,0.6,0.33999999999999997,0.06947754209857704,0.08442576511359867
NFLX,20150715,4,200.75,0.25,0.25,0.4,0.2675,-0.09110454505677729,0.01818923915957124
NKE,20150319,1,366.0,0.0,0.0,0.54,0.12000000000000005,0.0004797700383453174,-0.10763306834109995
NKE,20150625,2,74.0,0.5,0.5,0.37,0.16499999999999998,-0.13330375958045404,-0.10493634784135669
NKE,20150630,1,69.0,1.0,1.0,0.91,0.8400000000000001,0.38621212713513053,0.5697421549074209
NSM,20150324,1,420.0,1.0,0.0,0.72,0.06999999999999995,0.17890518028063496,-0.15209185819319535
NXPI,20150528,1,192.0,0.0,0.0,0.37,0.21,-0.16270161088523172,-0.03949400228227054
NYT,20150420,1,215.0,1.0,0.0,0.73,0.0,0.1961696276080923,-0.24615057037285415
OB,20150408,1,294.0,1.0,1.0,0.62,0.29,0.08289900264811201,0.05418359000416023
OCN,20150318,1,221.0,1.0,1.0,0.72,0.31999999999999995,0.18589071488342168,0.07469435031717456
OCN,20150324,1,377.0,0.0,0.0,0.53,0.18000000000000005,-0.009855468962659653,-0.04646683429215212
OCR,20150430,1,5.0,0.0,0.0,0.11,0.039999999999999994,-0.4015962088543997,-0.20548691994821716
OCR,20150520,1,54.0,1.0,0.0,0.77,0.06000000000000005,0.24800067103627454,-0.21269743699401328
OCR,20150521,1,10.0,1.0,0.0,1.0,0.18999999999999995,0.4866759439156726,-0.07293841126521439
OI,20150513,1,153.0,0.0,0.0,0.31,0.1,-0.22052245790142294,-0.1555742348864013
OLN,20150327,1,117.0,1.0,1.0,0.96,0.36,0.43190410591968076,0.09832486582996708
OMF,20150303,1,8.0,0.0,0.0,0.21,0.01999999999999999,-0.3026509487950829,-0.2381749106404755
OPK,20150604,1,126.0,1.0,1.0,0.64,0.39,0.11124980020739306,0.1298929922358823
ORCL,20150317,1,45.0,1.0,1.0,0.89,0.76,0.3692441470758172,0.4861230486928237
ORCL,20150617,2,168.0,0.0,0.0,0.275,0.05500000000000002,-0.23538701529908135,-0.19872591255962183
OVTI,20150429,1,136.0,0.0,0.0,0.25,0.21,-0.27943730961110813,-0.04839730303711945
OVTI,20150430,1,134.0,0.0,0.0,0.55,0.5,0.02069699446436013,0.24126361120048695
OXY,20150505,1,20.0,1.0,1.0,0.83,0.2699999999999999,0.31387736958026846,-0.0025597392661952934
PAH,20150601,1,392.0,0.0,0.0,0.17,0.0,-0.3703001643832111,-0.22490838193359972
PCG,20150409,2,124.0,0.0,0.0,0.48,0.22499999999999998,-0.02758876515627018,-0.03600753960243713
PEP,20150709,1,255.0,0.0,0.0,0.12,0.039999999999999994,-0.41558656026069707,-0.20071394024738942
PFE,20150728,1,330.0,0.0,0.0,0.27,0.04000000000000001,-0.26836339711507917,-0.19159857308075107
PG,20150316,1,239.0,0.0,0.0,0.55,0.15000000000000002,0.015088044293231961,-0.09283453821643642
PG,20150709,1,206.0,1.0,0.0,0.72,0.0,0.18659959253354375,-0.24743873294838215
PG,20150728,1,263.0,1.0,1.0,0.77,0.5700000000000001,0.2340885585547915,0.33032104664960915
PG,20150730,1,46.0,1.0,1.0,0.88,0.61,0.359098172674414,0.33623652202651755
PLL,20150513,2,246.0,0.0,0.0,0.275,0.12000000000000002,-0.2391922016673207,-0.12245266591798665
PM,20150416,1,109.0,0.0,0.0,0.11,0.1,-0.4174820030150036,-0.16309016751861052
PRGO,20150408,1,153.0,1.0,1.0,0.95,0.76,0.419477542098577,0.5044257651135987
PRGO,20150421,2,208.5,0.5,0.5,0.565,0.1349999999999999,0.052497844797511295,-0.11263275540925599
PRGO,20150424,2,113.5,0.0,0.0,0.28500000000000003,0.19500000000000003,-0.22181215058955017,-0.06784631824093293
PRGO,20150427,1,250.0,1.0,1.0,0.78,0.65,0.24462058918694107,0.4086307521589727
PRGO,20150429,2,394.0,0.5,0.0,0.47000000000000003,0.015000000000000013,-0.04933928733681042,-0.2102576668875702
PRU,20150506,1,378.0,1.0,1.0,0.91,0.3400000000000001,0.3701144461030932,0.11363819070089498
PSX,20150430,1,108.0,0.0,0.0,0.35,0.26999999999999996,-0.17740293888302372,0.006731704505215985
PXD,20150601,1,227.0,0.0,0.0,0.44,0.14,-0.09438234720736499,-0.1044715081791269
PYPL,20150714,1,58.0,1.0,1.0,0.86,0.21999999999999997,0.33749309652626414,-0.05208736276632414
QCOM,20150309,2,273.5,0.5,0.5,0.6,0.36,0.08469291088740871,0.12110064240863469
QCOM,20150422,2,249.5,0.5,0.5,0.645,0.51,0.13066061313869892,0.26801046966879366
QCOM,20150722,2,411.0,0.0,0.0,0.13999999999999999,0.03999999999999998,-0.37982505135110955,-0.18353889685283176
QRVO,20150609,1,413.0,0.0,0.0,0.26,0.07,-0.28090025910667515,-0.1527851291302616
RAI,20150526,1,476.0,0.0,0.0,0.52,0.28,-0.02256351906814702,0.06321575084832415
RTN,20150723,1,203.0,1.0,1.0,0.73,0.55,0.19674616054842586,0.30212620639484106
S,20150505,1,3.0,0.0,0.0,0.43,0.42,-0.0810081551483835,0.192385861643106
S,20150603,1,281.0,1.0,1.0,0.87,0.32999999999999996,0.33338515165319693,0.09259147733034967
S,20150716,1,113.0,1.0,1.0,0.8,0.6000000000000001,0.2722070146252664,0.3376196582154537
SBUX,20150318,1,52.0,1.0,0.0,0.91,0.030000000000000027,0.3882641491450005,-0.24298605883421537
SBUX,20150423,1,95.0,1.0,1.0,0.61,0.22999999999999998,0.08367763149011687,-0.03560336250278889
SBUX,20150723,1,117.0,0.0,0.0,0.59,0.32999999999999996,0.06190410591968076,0.06832486582996705
SF,20150223,1,343.0,0.0,0.0,0.07,0.05,-0.46879229273058504,-0.18013921875836747
SF,20150608,2,340.5,0.5,0.5,0.46,0.32,-0.05769170405442431,0.08902822543930652
SLXP,20150311,2,174.5,0.5,0.5,0.75,0.4,0.23924874793504802,0.1472899830242696
SLXP,20150316,2,225.0,0.0,0.0,0.245,0.009999999999999981,-0.2682728296907172,-0.23530276164630076
SPB,20150428,1,440.0,1.0,1.0,0.76,0.24,0.21836337800145156,0.01985103562717505
SPG,20150225,1,324.0,0.0,0.0,0.36,0.26,-0.1781608791908914,0.02771689843810521
SPG,20150309,1,478.0,1.0,1.0,0.78,0.43000000000000005,0.2373866761634036,0.21339797172013356
SPG,20150317,1,330.0,0.0,0.0,0.04,0.0,-0.4983633971150792,-0.23159857308075107
SPG,20150320,1,433.0,0.0,0.0,0.07,0.0,-0.4714492999791668,-0.22082272814412401
SRCL,20150715,1,449.0,1.0,0.0,0.69,0.04999999999999993,0.14812604834168808,-0.16929228977019506
STE,20150529,1,67.0,0.0,0.0,0.51,0.41000000000000003,-0.013566183533414877,0.13939770965769327
STJ,20150722,1,407.0,1.0,1.0,0.77,0.64,0.2292686373076802,0.41661497077887544
SWKS,20150309,1,422.0,1.0,1.0,0.96,0.22999999999999998,0.41885007278749653,0.008104932285254468
SYMC,20150707,1,251.0,0.0,0.0,0.55,0.020000000000000018,0.014578900158802144,-0.22123765838191217
SYY,20150623,1,391.0,1.0,1.0,0.91,0.21000000000000008,0.36972905200490935,-0.015011167133284459
SYY,20150629,1,241.0,0.0,0.0,0.43,0.36,-0.10499818658131282,0.11743433958603655
T,20150226,1,472.0,0.0,0.0,0.09,0.06,-0.45246339742371977,-0.1571501304923527
T,20150422,1,1.0,1.0,0.0,0.85,0.010000000000000009,0.3382863201666403,-0.16476769806448896
T,20150716,1,194.0,0.0,0.0,0.36,0.0,-0.17280380784846194,-0.24919645493865203
T,20150723,1,493.0,1.0,1.0,0.65,0.45,0.10701844331423871,0.2347496414703834
T,20150724,1,453.0,1.0,1.0,0.91,0.24,0.3680218038185097,0.021085061094303054
TGNA,20150420,1,378.0,1.0,1.0,0.75,0.33,0.21011444610309316,0.10363819070089492
TGT,20150225,1,406.0,1.0,0.0,1.0,0.10999999999999999,0.4592969817275494,-0.11348552900948514
TGT,20150520,2,400.0,0.5,0.5,0.565,0.39499999999999996,0.04548737074975617,0.17035394113380134
TGT,20150609,1,188.0,1.0,1.0,0.79,0.56,0.25750527911369336,0.30990687959693397
THOR,20150722,1,446.0,0.0,0.0,0.07,0.060000000000000005,-0.4717952733306367,-0.15957666488770714
TMUS,20150513,1,16.0,0.0,0.0,0.41,0.15999999999999998,-0.1051048259932767,-0.11031698820043839
TMUS,20150603,1,187.0,1.0,1.0,0.75,0.6799999999999999,0.21755753262155286,0.42975625502074266
TMUS,20150716,1,499.0,1.0,1.0,0.61,0.48,0.06687369843207103,0.26528306638065235
TRCO,20150420,1,400.0,0.0,0.0,0.59,0.33999999999999997,0.049468240515897266,0.11590832916342728
TRN,20150421,1,65.0,0.0,0.0,0.04,0.010000000000000002,-0.4833397919842963,-0.2609424272303924
TSLA,20150318,1,196.0,0.0,0.0,0.6,0.030000000000000027,0.06709480772898546,-0.218900236109087
TSLA,20150506,1,102.0,0.0,0.0,0.35,0.31,-0.17691683877756526,0.04565793362364723
TWTR,20150428,2,200.5,0.5,0.0,0.39,0.065,-0.12211127865404259,-0.18379293949457162
TWTR,20150611,2,97.0,0.5,0.0,0.46,0.015000000000000013,-0.045476276158926854,-0.2507966708860648
TWTR,20150728,2,64.5,0.0,0.0,0.345,0.235,-0.1572633025783231,-0.03658109199819598
TXN,20150422,2,234.0,1.0,0.5,0.79,0.41000000000000003,0.2763252545420086,0.16593398808726412
TXN,20150722,1,51.0,1.0,1.0,0.78,0.76,0.2583984766716395,0.4868744843061126
UAL,20150305,1,124.0,0.0,0.0,0.29,0.12999999999999998,-0.2386078953901291,-0.13045315157281126
UAL,20150428,1,274.0,0.0,0.0,0.48,0.13999999999999996,-0.05634565477044551,-0.09828212087841656
UDR,20150622,1,88.0,0.0,0.0,0.03,0.0,-0.49569496835046645,-0.2668691608981906
UNH,20150716,1,329.0,0.0,0.0,0.51,0.15000000000000002,-0.028329849345214764,-0.08171217118638918
UPS,20150407,1,390.0,0.0,0.0,0.09,0.08,-0.450241671384906,-0.14511410880855796
UPS,20150428,1,235.0,0.0,0.0,0.14,0.030000000000000013,-0.3947377819138942,-0.21337564318859398
UPS,20150722,1,192.0,0.0,0.0,0.06,0.03,-0.4727016108852317,-0.21949400228227053
UPS,20150728,1,164.0,0.0,0.0,0.35,0.31999999999999995,-0.18117659382847873,0.06619576940083349
UPS,20150731,1,274.0,0.0,0.0,0.33,0.040000000000000036,-0.20634565477044547,-0.19828212087841648
UTX,20150311,1,450.0,0.0,0.0,0.2,0.13,-0.34190008312403847,-0.08919775828184073
UTX,20150721,1,299.0,1.0,1.0,0.76,0.39,0.22271655776628219,0.1547857987060975
V,20150302,2,117.0,0.5,0.5,0.565,0.42999999999999994,0.05792323615353978,0.16777047780034116
V,20150430,1,474.0,1.0,1.0,0.82,0.43999999999999995,0.2774864559785022,0.22303305105362511
V,20150508,1,490.0,1.0,1.0,0.99,0.8,0.4470913539180116,0.5844813948050271
V,20150723,1,267.0,0.0,0.0,0.49,0.31,-0.04607096798748478,0.07083244891519072
VIAB,20150507,2,315.0,0.5,0.5,0.395,0.24,-0.12183228960706927,0.0061222535481644524
VIRT,20150416,1,445.0,0.0,0.0,0.09,0.0,-0.45176895195350175,-0.21967171814810413
VRSK,20150310,2,290.5,0.5,0.5,0.41000000000000003,0.27,-0.10595268486734344,0.03320434515523185
VZ,20150226,1,160.0,0.0,0.0,0.29,0.019999999999999962,-0.24094271605880196,-0.23444274337303977
VZ,20150512,1,130.0,0.0,0.0,0.54,0.020000000000000018,0.01097019967738122,-0.23941887121327143
VZ,20150721,1,243.0,0.0,0.0,0.52,0.12,-0.015083857646719823,-0.12229788697825505
WBA,20150409,1,314.0,0.0,0.0,0.01,0.0,-0.5278166021743875,-0.23343996014049956
WBA,20150430,1,479.0,1.0,0.0,0.81,0.15000000000000002,0.2673618372397023,-0.06651109656310902
WBA,20150709,2,413.5,0.5,0.5,0.5549999999999999,0.22999999999999998,0.035104886002465086,0.006710236690624066
WETF,20150609,1,48.0,1.0,1.0,0.85,0.6799999999999999,0.3288124494489565,0.4064786324287897
WFC,20150311,1,347.0,1.0,1.0,0.66,0.46,0.1210783563684964,0.23030344654381035
WFC,20150317,1,131.0,0.0,0.0,0.55,0.21000000000000002,0.020901311586956184,-0.049247715673160275
WFC,20150410,2,143.0,0.0,0.0,0.185,0.08499999999999999,-0.32387680289639426,-0.17277636885418687
WFC,20150414,1,288.0,1.0,1.0,0.65,0.44000000000000006,0.11312121584232393,0.20345357052971383
WFC,20150714,1,235.0,0.0,0.0,0.13,0.04000000000000001,-0.4047377819138942,-0.20337564318859397
WFM,20150506,1,399.0,0.0,0.0,0.24,0.07999999999999999,-0.30050301531380397,-0.1441932229631822
WFM,20150729,1,59.0,0.0,0.0,0.2,0.05000000000000002,-0.32263001236761485,-0.22192908533536057
WLL,20150313,1,468.0,1.0,1.0,0.64,0.54,0.09763741559114192,0.3224820497198291
WMT,20150519,1,128.0,0.0,0.0,0.58,0.48,0.05110917977928364,0.22023775901577086
WMT,20150605,2,191.5,0.5,0.5,0.48,0.38,-0.03165680275943594,0.12987701415736086
WPX,20150714,2,203.0,0.5,0.5,0.655,0.33000000000000007,0.14276529078228473,0.08157181836521521
WTM,20150408,1,154.0,1.0,1.0,0.86,0.62,0.3294166193064677,0.3645885099564877
WU,20150505,1,434.0,0.0,0.0,0.39,0.25,-0.15147620960166408,0.029273929798821957
WU,20150506,1,331.0,1.0,0.0,0.95,0.13,0.41160313618775846,-0.10148516926210505
XOM,20150304,1,327.0,1.0,1.0,0.69,0.30999999999999994,0.15173749114061952,0.07806004683383905
XOM,20150430,1,140.0,1.0,0.0,0.89,0.09999999999999998,0.3602984931059282,-0.15772349336447694
XOM,20150731,1,412.0,1.0,1.0,0.8,0.64,0.25912775219106565,0.4171152540000962
XPO,20150428,1,477.0,0.0,0.0,0.49,0.33999999999999997,-0.05258844265816032,0.12330692097380877
YELP,20150702,1,192.0,1.0,1.0,0.63,0.44,0.09729838911476829,0.19050599771772947
YUM,20150421,1,390.0,0.0,0.0,0.08,0.06,-0.46024167138490596,-0.16511410880855798
ZNGA,20150408,1,290.0,1.0,1.0,0.71,0.39999999999999997,0.17304674015667432,0.16369781414787796
ZNGA,20150506,1,218.0,0.0,0.0,0.3,0.09999999999999998,-0.23397057730816723,-0.14572674641071745
ZTS,20150505,1,324.0,1.0,1.0,0.89,0.63,0.3518391208091086,0.3977168984381052
