date,mcap,WeightedReturn,WeightedTurnover,ValueWeightedReturn,ValueWeightedTurnover
20140102,11577114908.91043,-89948823.4455121,65180994672.53735,-0.007769537069748023,5.630158738631005
20140103,11568775943.448475,-7099410.967203476,62429418691.82892,-0.0006136700202257742,5.396372010055514
20140106,11541956836.48982,-25318348.969986767,76127273946.95595,-0.002193592414931147,6.595699067794126
20140107,11607769914.030521,67742022.41689335,77180683465.42119,0.0058359205014059026,6.649053525098865
20140108,11605605801.257046,-183916.75352293957,81460937166.3205,-1.584723423080757e-05,7.019102540730546
20140109,11603227628.961346,-3105630.5917910947,78267671244.4843,-0.00026765230254033144,6.745336189831378
20140110,11612704821.801332,10704171.197348814,73043543936.61316,0.0009217638234679947,6.28996819065645
20140113,11470905031.713816,-137829608.56094098,85243178255.5167,-0.012015582744332814,7.431251328456068
20140114,11597020541.568098,129158919.09885576,83266352287.92046,0.01113725017869042,7.179977994301418
20140115,11664289176.896397,69534929.14803849,92687986150.36812,0.005961351617187886,7.946303863415558
20140116,11645780256.287779,-15972277.630397582,78062084177.85107,-0.0013715077288852196,6.703035988997291
20140117,11594643796.43758,-49240830.067445494,97232277432.44344,-0.004246860096088039,8.38596503174317
20140121,11627482712.774467,34848684.83463618,89414842516.86024,0.0029970962499346375,7.689957037616159
20140122,11624426367.287033,-1636974.4721698675,79409960886.10994,-0.00014082195718289993,6.831301466159403
20140123,11534501870.164057,-87375766.43442622,93120087128.57623,-0.007575166003521872,8.073178033760358
20140124,11297632324.565166,-228001265.66598138,105582067131.34952,-0.020181331726491364,9.345503916052893
20140127,11231266236.396067,-64542903.04302945,104879915865.16615,-0.0057467165041348205,9.338209393104053
20140128,11294116647.695953,68023234.8109105,94006424699.88739,0.006022891115153084,8.323486256808327
20140129,11169473206.830095,-121565889.02844717,102058192568.20132,-0.010883762087733022,9.137243151789207
20140130,11300067035.659163,136816269.46655083,105259704934.87764,0.012107562639655614,9.314962876123996
20140131,11208961867.538626,-74114092.33131167,110320052529.42409,-0.006612038938766269,9.842129345529592
20140203,10953389041.388308,-248279327.52633584,113363755859.41438,-0.022666895751460244,10.349651183853677
20140204,11037707157.913782,86496945.45380323,92895089976.63074,0.007836495770028372,8.416158233553704
20140205,11020161198.185417,-16055174.135661198,89442389907.01364,-0.0014568910424200372,8.116250597290831
20140206,11138963281.006414,124558102.74685194,87707908612.95535,0.011182198881941014,7.873974121317946
20140207,11285108207.795435,150148208.452433,92072864579.8201,0.013304986154117232,8.158793241895435
20140210,11302405244.27012,18713049.92889963,77268116850.21225,0.001655669702551713,6.836431288763441
20140211,11431200539.448406,131140533.3310972,83002955394.03204,0.01147215752873365,7.261088203954929
20140212,11421824081.682806,-8380551.373168295,77931376218.57983,-0.00073373143494726,6.823023683542673
20140213,11484684051.660604,64748140.02202393,84395045625.57707,0.005637781564627528,7.348486492614844
20140214,11536836706.163122,54467591.52751735,74491895872.48566,0.004721189431277993,6.456873558129773
20140218,11540352012.281298,4123669.899102754,80385348060.53484,0.0003573261798872621,6.96558891574437
20140219,11460587534.558115,-77795560.58217874,86421845840.40482,-0.006788095317765775,7.540786681294431
20140220,11527210401.204473,68431302.97670627,87347750665.39012,0.005936501598821854,7.577527226905062
20140221,11498632780.270287,-31888748.645582296,83796665622.44719,-0.0027732643745522517,7.287532980984325
20140224,11575763688.112047,79011501.26767972,111419367765.0498,0.006825597290727531,9.625228258544537
20140225,11560934328.366457,-13015241.370860796,88564004266.89914,-0.001125794940200117,7.660626879403189
20140226,11570236204.23534,10566636.984818919,89380677611.73415,0.0009132602652442783,7.72505211077851
20140227,11635460154.121134,66382171.33286159,81733686159.77757,0.005705160814748685,7.024534060290562
20140228,11697219454.230213,21827859.905496262,96833128829.55095,0.0018660725303911757,8.278303164991229
20140303,11609634110.943115,-87180698.46273746,80584536332.94023,-0.0075093407449044304,6.941177952971155
20140304,11783703672.638884,187246165.83352423,80602198555.90544,0.01589026430359918,6.840141333752252
20140305,11790832241.459528,8948523.432836903,76009146868.54399,0.0007589390850097627,6.44646156539118
20140306,11801400648.692879,11822791.03385218,74418745815.02202,0.0010018125293595275,6.305924866915236
20140307,11794832640.391247,-5631875.629543272,74354816236.32611,-0.00047748669279604606,6.304016216533589
20140310,11798423695.649805,3945263.7787200767,63418014150.69081,0.0003343890574276235,5.375126015695949
20140311,11739049508.006325,-57968641.692791976,74436351095.59439,-0.004938103519646622,6.3409180653703645
20140312,11745089224.309158,6714153.495671857,70787624209.41058,0.0005716562358483728,6.026997569579918
20140313,11599319381.536856,-143173338.1878276,81357357341.16292,-0.012343253382239208,7.013976826145764
20140314,11557794931.519642,-40360155.68613745,76496283139.5071,-0.0034920290527105605,6.61858802589511
20140317,11677072974.4428,119700037.13320133,66427916913.55536,0.010250859731302922,5.688747262172961
20140318,11770749941.044409,95503651.44238722,65022670075.137985,0.008113642029669459,5.524088983353985
20140319,11701846559.491144,-67509120.6773137,72834812166.22337,-0.005769099802676727,6.2242152805489015
20140320,11775717904.608044,76215737.81136742,75010660380.50705,0.00647227951864768,6.369943725567175
20140321,11721742845.751896,-50608286.599490136,136692286014.73895,-0.00431747115300616,11.661430199714536
20140324,11668371190.362177,-51006683.407739386,94130044906.28377,-0.004371362769969969,8.067110942102456
20140325,11722912824.159842,56341072.0875507,83072594669.26724,0.004806064237843427,7.0863441463168
20140326,11633625788.207853,-86684582.51188025,87402309713.18141,-0.007451209458683638,7.512903655692164
20140327,11612009970.424292,-19854542.115770973,92244644576.42535,-0.0017098282008317556,7.943899877055895
20140328,11634631423.826574,40930472.750637256,73131529825.26485,0.003517986196521507,6.285676542833897
20140331,11716111421.700762,86503451.08761157,75275124158.75864,0.007383290238038241,6.4249238889392
20140401,11805266737.409182,91459457.82011962,77277840277.48706,0.007747343609805769,6.546047793448391
20140402,11832772915.260185,28398353.29431371,74353145346.71951,0.002399974502822551,6.283661985165765
20140403,11643526299.053698,-28286356.64854205,72814870310.1422,-0.002429363400917552,6.253678519716151
20140404,11671911513.925652,-159211942.7599477,99651851133.90404,-0.013640605702844248,8.537749023800457
20140407,11550020491.068659,-118736118.51731381,101061635317.16077,-0.010280165183181231,8.74990961230841
20140408,11592793674.630455,44693779.588817365,90919755762.4835,0.003855307085006158,7.842782189891926
20140409,11736521980.128683,147598986.96036354,83058108335.0666,0.012576041455063608,7.076892837221605
20140410,11476340563.103216,-250219002.8156129,99193964648.40465,-0.02180303045555084,8.64334446185017
20140411,11376059726.658678,-108929998.09276825,96324998541.41353,-0.009575371500336053,8.467342898673902
20140414,11469416737.063925,95126943.17087665,76484286543.08801,0.008293965190354427,6.668541940404491
20140415,11543378914.462229,75972683.76217304,93308645142.6072,0.006581494406892419,8.083304362962961
20140416,11666912939.305677,123643704.67206135,83734083290.7721,0.010597808119018984,7.1770556381434085
20140417,11679610848.395285,14534959.787864761,92129743464.0421,0.0012444729517560756,7.888083315438564
20140421,11736616405.50134,58465654.664392486,65395428388.61353,0.004981474442411503,5.571914947987951
20140422,11799956855.733847,65673846.6858531,84543771716.17471,0.005565600577085229,7.164752613065116
20140423,11756965640.351866,-40864480.948204614,83304732120.12807,-0.0034757676596375263,7.085563968496458
20140424,11781896412.924894,29808892.741028965,96152705804.75412,0.0025300589732165884,8.161055099692893
20140425,11673316999.51105,-103259647.66653226,85671613782.33116,-0.008845784593261487,7.339097686280568
20140428,11719949533.850698,50448128.67214185,111453058641.12889,0.004304466373889466,9.509687590310804
20140429,11795436282.836498,78048009.02823378,79252510709.43439,0.006616797137194594,6.7189130447641405
20140430,11806293792.217762,30702060.06725176,87007706921.08894,0.002600482472110709,7.369603742915576
20140501,11811605806.873817,4519198.386910519,78085393201.35646,0.0003826066041147894,6.610904095352921
20140502,11793472366.861776,-16885940.095691737,69413894427.29263,-0.0014318039310575888,5.885789381449457
20140505,11819810333.601864,26190952.821921382,63248822688.884796,0.0022158522076673784,5.3510860922258905
20140506,11694676652.193886,-121974333.01016887,77534371173.67981,-0.010429902137335866,6.629885842900547
20140507,11742983080.062996,51126635.186415866,90568582457.37802,0.004353803019031651,7.712570293245467
20140508,11734655182.822525,-6528136.2849898795,77187379661.75958,-0.0005563125787066948,6.577728826216245
20140509,11755366361.56717,21682136.35100342,67247049300.35529,0.0018444458202417828,5.7205404946129
20140512,11878227768.767076,125594368.64116552,67078904691.678345,0.010573493881924596,5.647214887397375
20140513,11887616276.738178,9996328.910834566,63455698138.496346,0.0008409027241563555,5.337966557910114
20140514,11830401737.571447,-56252169.776148714,60521206850.68327,-0.004754882465022375,5.115735559383219
20140515,11718651892.429277,-108934925.86779907,81171570062.90868,-0.009295858164212169,6.926698634622707
20140516,11753133679.862766,35339671.39942347,73150590431.86249,0.00300682969853161,6.223922268253876
20140519,11808650165.945414,56632683.89040216,63086433054.14616,0.004795864310869614,5.34239156614861
20140520,11738007641.671055,-69441926.75013115,66091942715.09772,-0.00591598922662187,5.630592919403543
20140521,11841199520.203274,105158421.5281686,62665728426.891914,0.008880723726405328,5.292177394694905
20140522,11870285445.778097,30007917.458175246,63114273264.55004,0.002527986171457078,5.316997097740214
20140523,11925329210.754314,56138410.346603386,55145377029.49449,0.004707493550448697,4.624222615151299
20140527,11997638017.834158,73976827.28843637,70000197981.32494,0.0061659492625525,5.834498246844218
20140528,11981720615.2979,-14822004.36569119,66328280112.00591,-0.0012370514086905767,5.535789244436226
20140529,12043156316.705027,65779423.33532488,64182226200.66282,0.005461975382988465,5.3293525810701174
20140530,12055211008.79386,22789385.010756616,80545201885.94724,0.0018904177615914435,6.681359772731668
20140602,12060257414.680706,5751384.614740635,59113857719.722305,0.0004768873844881281,4.901541956124768
20140603,12055319960.388334,-3954439.4446223257,62338320479.79367,-0.00032802442885099026,5.1710216472583435
20140604,12074180858.426289,19739864.13986688,63997860530.14721,0.0016348822641737133,5.300389424387709
20140605,12150315307.032667,77772676.47773737,70234209645.47932,0.006400877221081014,5.780443377039556
20140606,12202061849.681993,52775118.03159476,65237106153.19261,0.0043250983876114485,5.34640021963934
20140609,12212296476.619614,11178594.704171566,61315174830.915695,0.0009153556602210678,5.020773525135368
20140610,12226723001.517012,15334028.56789669,63742910764.6921,0.0012541405056771258,5.213409247660497
20140611,12181383828.818497,-44324068.61815639,62344391980.134865,-0.003638672686209535,5.118005709059231
20140612,12082328300.856768,-97180411.9487319,72742541467.71364,-0.008043185843728543,6.0205731591116765
20140613,12122240692.030169,41920416.91438574,62431099853.35652,0.0034581409476505892,5.150128712953388
20140616,12125807299.660257,4503476.908350353,60816202687.93766,0.00037139604787192454,5.015435359066082
20140617,12150942281.433306,25970928.89276617,61066560055.646255,0.002137359250932322,5.025664565040049
20140618,12235366173.684225,86174128.8928368,67411715121.01078,0.007043036364386033,5.509578885019365
20140619,12245774265.70659,11328600.401835581,65375960452.66526,0.0009251028278024454,5.338654709302125
20140620,12264944998.070635,20693791.832909226,108763076325.57007,0.0016872307080190339,8.867799761244694
20140623,12274675682.439596,10529566.751916664,62438086265.559105,0.00085782851004206,5.086740202422156
20140624,12191380233.457787,-81833400.22277206,72106305011.62375,-0.006712398322069397,5.914531712638788
20140625,12256576469.407173,67174626.55732362,73870925545.42673,0.00548070064466972,6.027043989796909
20140626,12238888557.69246,-17062590.04441644,61464900112.39255,-0.0013941290472566773,5.022098193202377
20140627,12255199081.11188,23402337.36507616,92532413181.79803,0.0019095844310799176,7.550461854545641
20140630,12234339212.770657,-10820889.457601653,66885645644.209206,-0.0008844686475838767,5.467041944888327
20140701,12330419742.421598,98040955.2552242,70622435454.11066,0.00795114499775899,5.727496462358139
20140702,12354824433.645508,21980648.326409057,62966553956.78392,0.001779114583494189,5.096515478221534
20140703,12420059845.417736,66335410.937904865,43089126658.54788,0.005340989638015206,3.469317152641999
20140707,12370526663.48441,-48263672.22742713,60851290438.62773,-0.003901505048276796,4.9190541432847725
20140708,12263809772.58107,-104558635.88602921,81090480484.2445,-0.0085257874856961,6.612176965231744
20140709,12327891515.908875,65277655.38842666,69499744137.38956,0.005295119226526878,5.637601859790999
20140710,12281343379.811039,-45436512.529434025,70402255435.25584,-0.0036996370123585872,5.732455583888988
20140711,12308120541.981775,28228236.47932772,59448376194.181015,0.002293464415061911,4.830012510147956
20140714,12384522078.497526,77913276.01007384,69030449391.43697,0.006291181485747424,5.573929212116327
20140715,12355243564.877546,-27273871.21782016,81517932714.65517,-0.002207473375543323,6.59784101273305
20140716,12403581447.787165,52501208.81845103,85718488504.79614,0.004232745924187679,6.910785313550593
20140717,12265473689.217451,-138859381.4023002,86557839793.43745,-0.01132115928994827,7.0570319570723345
20140718,12418552033.20549,136616573.95233005,77963012062.96912,0.011001006686370217,6.2779470468462675
20140721,12388743309.255278,-28696667.55508929,66394666101.02714,-0.0023163501606858566,5.359273692548426
20140722,12454021716.243092,66534541.90809654,74056102639.46889,0.005342414155366311,5.946360487141403
20140723,12491097887.330656,39502403.0677214,81003999114.15465,0.0031624444403551984,6.484938301245286
20140724,12485125335.833147,-3929835.0595611334,86611360237.09329,-0.00031476136232947886,6.937163857579618
20140725,12416485317.630136,-64417434.84215481,68529903938.1818,-0.005188057102655987,5.519267504861167
20140728,12416416086.763344,811985.8779266699,69089536317.56255,6.539615556153086e-05,5.564370252638054
20140729,12371058846.573687,-44080996.17474423,75147429430.95795,-0.003563235509703601,6.0744541241731245
20140730,12383155077.31219,14883438.82344056,80032126849.47049,0.0012019100730402115,6.462983492478539
20140731,12115436075.20458,-243989845.7626018,95656791737.12445,-0.02013875887323204,7.895447687012719
20140801,12072479423.671751,-40837832.97240651,91312721172.98912,-0.0033827212736707232,7.563708992035463
20140804,12151252272.468403,80956300.35475734,68924219219.12996,0.006662383311568915,5.672190624771607
20140805,12031332038.493448,-117738760.53640999,79523843663.01607,-0.00978601206913022,6.609728948431047
20140806,12040732880.356674,12802809.457474208,78240564272.57422,0.0010632915441850545,6.49799020126228
20140807,11972161634.890158,-66820876.476515636,72706392315.84074,-0.005581354354737519,6.072954453267187
20140808,12092628920.64811,122992606.4611835,65203111782.43085,0.010170874114161742,5.391971606033228
20140811,12126352666.053432,34539173.826555155,56572035255.294044,0.0028482739021143825,4.665214414690582
20140812,12107438307.422647,-18445683.73011156,54711949909.83937,-0.001523500121309985,4.518870839614139
20140813,12197920446.62459,91985650.00193945,58359667739.58082,0.007541092795648928,4.784394847871804
20140814,12254209993.040018,57764607.88384091,56095428647.11591,0.004713858169286252,4.5776454523772845
20140815,12254515143.571611,1237672.1910445874,72379485422.33354,0.00010099723869481991,5.906352440251532
20140818,12359209215.768908,106272030.2378139,60642603469.40466,0.008598610832012068,4.906673429561479
20140819,12419600887.749882,61761256.4832081,61538106307.57619,0.004972885766733981,4.9549181864833125
20140820,12445288474.925098,26346558.45924927,58012632927.73571,0.002116990579393366,4.661413276568092
20140821,12487123122.895325,43223664.73480535,60250744173.5964,0.0034614590013574966,4.825030039395204
20140822,12469264896.502146,-17137405.37796965,54915816712.617355,-0.001374371746868334,4.404094160195621
20140825,12528440924.198067,60067657.9452328,52369813884.628,0.004794503826027952,4.180074296673123
20140826,12549685448.860094,21992311.64032404,55055006310.96275,0.0017524193518588655,4.386963046628669
20140827,12552394544.828575,3322741.4269368406,56530371028.22321,0.000264709766337433,4.5035527545230805
20140828,12527376326.587902,-24669791.711362097,51676429513.92649,-0.0019692704256838943,4.125079998135704
20140829,12540917146.849825,37228286.0581702,55112732630.80667,0.0029685457309254005,4.394633341840596
20140902,12544537665.176235,4906964.15627532,67829852246.994446,0.00039116341209585606,5.407122530732305
20140903,12524070635.771656,-18726898.172779895,72025128418.33014,-0.0014952724810806737,5.750935978643368
20140904,12512944153.171251,-9879817.214080619,71548462630.11725,-0.0007895677542504416,5.717955882667643
20140905,12577626917.040777,66126437.83684691,72298823193.1676,0.005257465360755423,5.748208598492746
20140908,12549099561.112318,-27250693.522545427,65553960671.31314,-0.0021715258046872965,5.223797958735982
20140909,12468555397.21919,-79062468.81737764,83221151643.76457,-0.006340948594173998,6.674482246942981
20140910,12529973742.044298,63000974.0432478,72934259616.1328,0.0050280212345416315,5.820783117158662
20140911,12535303821.657045,6052762.716241508,66172127474.24271,0.0004828572807133917,5.278861080328837
20140912,12475339041.941786,-58622509.3951382,74357549587.44289,-0.004699071439906423,5.960363028007064
20140915,12452629188.806742,-20732766.81609392,74663237421.96185,-0.0016649308753793072,5.995780994512724
20140916,12552367453.261755,101465699.24406318,73922702692.61653,0.008083391409777216,5.889144256481082
20140917,12574993941.631744,23413137.11459692,75782028167.70044,0.0018618805880361963,6.026406733828365
20140918,12643486070.462437,69679754.34533113,71324912892.07277,0.005511118844676561,5.641237906585051
20140919,12650220067.72348,8046683.976733336,135368590330.88167,0.0006360904342892912,10.700888174765362
20140922,12577769010.6741,-100603634.0195291,81502359110.9984,-0.007998527714585315,6.479874057301543
20140923,12510552907.366974,-65772238.5891923,78617134004.81528,-0.0052573406688094185,6.284065507490139
20140924,12616198673.186333,107851532.61914939,78136909241.35231,0.008548655218023015,6.1933797386545235
20140925,12399287793.609926,-212447073.69659248,80324035850.86594,-0.017133812621566765,6.4781169038000375
20140926,12491960396.23421,111925775.1769212,69279065254.77814,0.008959824689378781,5.545892162423346
20140929,12452948616.891928,-37975271.844678335,67688428400.157036,-0.00304950040451997,5.435534224267205
20140930,12438352217.930391,-18793075.43802758,84762622807.3324,-0.0015108975134935153,6.814618312958177
20141001,12264719046.999336,-165310186.31330502,92308372416.5593,-0.013478513912941976,7.526334036909169
20141002,12263356404.657862,487347.01772235555,84366871388.20016,3.974010064139143e-05,6.879590595292165
20141003,12411221816.592756,150901811.71149653,76221002125.35739,0.012158497683906797,6.1412972269544275
20141006,12407496334.536186,-17894599.441365305,65279934258.965416,-0.0014422409613417174,5.261330126470329
20141007,12221691659.878849,-182001714.43228945,75398263088.89375,-0.014891695805889248,6.169216601692695
20141008,12430975413.685299,214033639.14077735,91687192632.3079,0.017217767071210442,7.375703802886553
20141009,12191408122.189592,-233411297.79640806,94154253226.53485,-0.019145556891953765,7.7230006807142
20141010,12039616523.128437,-145805640.87442127,110762146389.5948,-0.012110488784615738,9.199806835775679
20141013,11834890393.10745,-199115576.934155,97089536344.07965,-0.016824454669231104,8.203670090651947
20141014,11849740484.063135,6317642.919035161,105488518510.54071,0.0005331460994890004,8.902179642871804
20141015,11739375717.281376,-106778164.77909237,150241912947.0432,-0.00909572769034947,12.798117767529506
20141016,11713476616.050701,-21740287.319662273,120745393088.03325,-0.001856006379000413,10.308245540233433
20141017,11867762194.669674,158824536.29316798,110064892928.99529,0.013382854634928812,9.27427522759347
20141020,11978347453.375856,114013376.19816773,81651094966.80428,0.009518289283388198,6.816557566443988
20141021,12209645068.492973,239410477.91457826,99543584359.10695,0.01960830774126086,8.152864706606376
20141022,12127345453.340849,-80304113.6495258,92949941971.50429,-0.006621738776922824,7.664491980468684
20141023,12271928178.633041,148374049.4011847,91961484637.66142,0.012090524589242825,7.493645929070694
20141024,12356580275.143003,87409576.1498967,79429391025.15936,0.007073929372330735,6.428104641940678
20141027,12342646056.707289,-11342554.339355363,74022900209.94865,-0.0009189726649571668,5.997328277085515
20141028,12480980587.003792,141923491.24746335,89649704140.11858,0.011371181155048473,7.182905502911295
20141029,12462090903.931168,-17035936.596149653,88727657070.28925,-0.0013670207293043951,7.119804995347939
20141030,12539005038.755457,81638304.18153043,82779059392.40964,0.006510748175728729,6.601724709142135
20141031,12664804834.429962,150749945.56494567,100191063215.76318,0.011903061084299043,7.91098359000277
20141103,12668420525.215635,5442933.255605268,80445091250.99075,0.0004296457671871152,6.350049012887616
20141104,12650163139.376781,-15721364.759140769,86538910029.0319,-0.0012427796057589255,6.840932332299969
20141105,12686154520.354248,38331442.88401713,85154962278.06981,0.003021517893583624,6.712433002565378
20141106,12733031320.689451,49525538.39584891,86328987246.77345,0.003889532441138083,6.779924204419457
20141107,12734196263.26268,3496340.236509764,82519795713.80144,0.00027456308700035323,6.48017307161078
20141110,12779395906.951994,46683549.886866495,80009804894.14655,0.0036530326023838603,6.260844055282863
20141111,12790257872.974646,11691907.958888214,69511917845.05356,0.0009141260539861979,5.434754993636973
20141112,12791800631.716375,2583144.0653948793,76302389542.12964,0.00020193748634497586,5.964945181598844
20141113,12820353797.94196,31117914.76252397,87540126927.65883,0.0024272274582250067,6.828214595896064
20141114,12831638477.548004,12708824.269465504,77136105913.95201,0.000990428797670898,6.0113995612423095
20141117,12831841775.936731,2054317.4566212643,84566484071.058,0.00016009529204713858,6.590362127878139
20141118,12892997684.551565,63264376.32493455,81807465391.32747,0.004906878747115432,6.345108204692339
20141119,12870663502.817722,-20455863.115912978,80324306426.12936,-0.0015893402163326435,6.240883106651362
20141120,12891861574.202038,22300835.477783605,75239193153.26399,0.0017298382665238904,5.836177554359216
20141121,12954276644.701067,62133140.1458205,92112658723.64874,0.004796341922436556,7.110598395420815
20141124,12990219979.159739,40635670.14146861,76653698745.06972,0.003128174134592068,5.900877650112589
20141125,12978041185.904774,-10998333.581601541,85082638104.50432,-0.0008474571334807167,6.5558921323898325
20141126,13029447771.717514,52717032.850349925,60383692274.30135,0.004045991340076639,4.634401498225715
20141128,13006091166.364086,5219856.132615237,53710231434.61543,0.00040133934676043576,4.129621324931123
20141201,12906706217.69204,-93581228.81512,91523094866.58371,-0.007250589518094266,7.0911271491658505
20141202,12984207766.982433,79646058.36994089,82424888576.06871,0.006134071465836599,6.348087619613352
20141203,13016402481.528158,33991120.7030225,80325398575.59944,0.002611406704061279,6.171090567427586
20141204,13011647142.069273,-3584849.789304949,71323513807.65123,-0.0002755108365730583,5.481513065094423
20141205,13036172950.05918,26340069.4867617,74373974872.88509,0.0020205369771994415,5.70520007350374
20141208,12945136314.386494,-93627935.51533654,83920667178.22728,-0.007232672815602856,6.482795170334559
20141209,12923043442.916101,-20005352.71658135,88386454039.12633,-0.0015480372564674375,6.839445710257692
20141210,12715087807.197308,-203336333.17980185,90023615838.13622,-0.015991736452240966,7.080062458332284
20141211,12770515442.496855,56938384.94228765,83345191746.85483,0.004458581581821824,6.526376489824706
20141212,12578682214.44449,-195553531.13322833,88986034752.92809,-0.015546424323262429,7.074352721204981
20141215,12495992529.153767,-80400931.22203651,93358284539.11801,-0.006434137267164427,7.471057966888867
20141216,12364448776.032694,-127594478.75792259,103153129655.90224,-0.01031946357408608,8.342719641158185
20141217,12611259992.49887,253516871.16630983,98868737286.8499,0.0201024220670338,7.8397192148648625
20141218,12924286418.360268,323382266.65076256,105643058267.36218,0.02502128598692807,8.173995441426108
20141219,12974654571.534433,52645156.32249637,142736189217.38223,0.004057538182018078,11.001155246979472
20141222,13018562239.607952,49486753.95719965,82577981409.58748,0.003801245717183737,6.343095334932644
20141223,13029589641.168892,14147441.010435062,74414896212.64856,0.0010857932905065678,5.7112233203050256
20141224,13031054739.44172,2283073.416647654,31952081065.48486,0.00017520250373420396,2.4519949999729462
20141226,13072755009.285025,51174544.56305736,39042560293.57874,0.003914595242296689,2.98655947165295
20141229,13075619109.097225,3695657.0871937466,49610195690.63165,0.0002826372546002454,3.794099176238307
20141230,13023451916.906258,-51487284.87343512,46289526546.4799,-0.003953428415288072,3.554320839192383
20141231,12918331304.578175,-128454068.14183144,56337341619.54233,-0.0099435496050723,4.361038611819526
20150102,12917391335.11414,-5034057.945400904,61818942151.09165,-0.0003897116542189532,4.7857141234891145
20150105,12688936076.748835,-221966981.59231582,88022020204.88187,-0.017492954511690497,6.936910996515549
20150106,12585521960.213106,-100115019.50389083,98684376521.88031,-0.007954776911151297,7.841103200475391
20150107,12731835631.0666,150219775.87878102,82174091060.60837,0.01179875237410652,6.454221798159068
20150108,12962656907.062508,236469710.07729322,90650951763.8359,0.018242379766177125,6.993238532329442
20150109,12858840702.670874,-101746777.53334168,75061576709.51155,-0.00791259335782954,5.8373517835025925
20150112,12762764711.800106,-93555470.3089677,76986001273.33517,-0.0073303451424179935,6.032078708005641
20150113,12731652620.403461,-29239064.980669487,93109522443.36372,-0.0022965647785434876,7.313231457018273
20150114,12645864918.48818,-83107604.22020812,97155161525.60854,-0.006571919339317415,7.682761294054965
20150115,12511159266.04552,-130756174.7825183,90663500962.96378,-0.010451163797217587,7.246610728473313
20150116,12674906508.66559,167685368.71743944,94829229192.24109,0.013229712471866847,7.481651176472834
20150120,12715606072.863918,43188877.37282606,90123019580.33286,0.0033965252718070947,7.0875913475066135
20150121,12773619816.4212,60744690.3339086,87893594859.33104,0.004755479747081397,6.880868236452359
20150122,12984308793.005333,217635795.0515794,97340768884.52371,0.016761446336582823,7.496800209878044
20150123,12921260526.271122,-60116633.86310159,79418322472.73686,-0.004652536317248169,6.1463293237734735
20150126,12949439685.821274,29609253.646382745,77635170697.8851,0.0022865277853529676,5.995253275930553
20150127,12741231697.280113,-201795185.21804875,92630471299.52986,-0.01583796527780954,7.270134748377883
20150128,12577204075.894001,-156469988.02295163,110912825848.14359,-0.012440760846271756,8.818559767247777
20150129,12699037542.929873,125405539.55607843,112048974533.57281,0.009875200315940271,8.8234225747254
20150130,12542868948.264069,-145211727.14926425,125650095998.87437,-0.011577233864773937,10.01765198354116
20150202,12697813608.04856,159586194.73436826,97819274861.00307,0.012568005773309975,7.703631340044237
20150203,12872568962.73211,178750565.0736322,101275398195.67604,0.013886160997943778,7.867535881057037
20150204,12837545402.43007,-30621080.188740384,102212957389.10019,-0.0023852753177366756,7.962032786248365
20150205,12962489153.190674,128181468.2842825,89895507147.0968,0.009888646136512374,6.93504974891102
20150206,12937422984.48539,-19668467.81876336,92202233365.70062,-0.001520277094004723,7.126785100577597
20150209,12878813702.635836,-57258588.232717715,74534629979.06903,-0.00444595205387581,5.787383193827428
20150210,13023615297.925566,148317042.74971482,85315831655.69081,0.01138831571394305,6.550856248746854
20150211,13036034964.24425,13983724.24311362,84418943169.10478,0.0010726976631674225,6.47581441754739
20150212,13154967616.456112,123219474.77249831,94200506079.70242,0.009366763823755658,7.160831468856144
20150213,13215364041.896603,63491957.158636704,82773446827.97057,0.004804404703294474,6.26342540134001
20150217,13229453891.937843,14968718.044758812,79413076788.98431,0.0011314690815681283,6.002747916705723
20150218,13214255644.74516,-13802981.300593562,69929910454.83498,-0.001044552313174183,5.292005265740687
20150219,13201453659.780321,-11101475.106811414,73963727482.67497,-0.0008409282335803122,5.6026956870676745
20150220,13288043311.845564,87291149.3219716,83413949476.97896,0.006569149969894839,6.27736887361136
20150223,13284921071.746077,-1205237.3133881856,82764285113.83063,-9.07222035328041e-05,6.229941801449685
20150224,13329394393.345852,45608586.276119776,79339526413.1294,0.0034216547976769277,5.952222889641285
20150225,13321453202.963736,-5068529.005591314,84189698618.09956,-0.00038047868564847535,6.319858452032033
20150226,13331319136.44059,6484886.385929359,88685051079.52327,0.000486439962884333,6.652383771768427
20150227,13261749379.87703,-45553095.50347704,83678231026.16226,-0.0034349235684243817,6.309743053441579
20150302,13357241644.73913,98262829.13440195,81324619356.74408,0.007356521035396829,6.088429147253955
20150303,13298946705.437498,-56494328.94586647,77643883626.95352,-0.0042480303288055,5.838348355453407
20150304,13250847672.265537,-46534966.59817328,79029062906.58629,-0.0035118482793800813,5.964076024509491
20150305,13258504234.910826,9022199.80059166,74041696778.95372,0.0006804839852775702,5.584468313099401
20150306,13078745155.420315,-175977085.09220695,91261580090.17542,-0.013455196427562132,6.977854450535971
20150309,13135349487.808598,57963341.42002017,80495706221.12476,0.0044127749683263535,6.128173924556465
20150310,12907066553.724417,-223331263.11055878,89569862789.94014,-0.017303022509488425,6.939598739737976
20150311,12877878627.704813,-27437913.90597769,88418442769.86736,-0.0021306237385208117,6.865916765176557
20150312,13038822433.164711,166225625.11414704,84933116896.4938,0.012748515133647822,6.5138640649375965
20150313,12968114784.12144,-68695953.37026352,82879174600.37134,-0.005297296832564819,6.3909963768867275
20150316,13138740843.10384,174500566.81170008,82452017590.73456,0.013281376723652372,6.275488539985271
20150317,13030883475.289373,-34311480.75071479,77024719656.14221,-0.0026330893692496043,5.910936108223602
20150318,13176279379.549372,148298034.10472676,104149904758.62311,0.011254924841294504,7.9043485462422725
20150319,13121540686.025064,-52955267.141229466,80410266383.28235,-0.00403575071009983,6.128111652995316
20150320,13233010309.287378,114978897.27033718,147054825836.045,0.008688793750099406,11.112726613145378
20150323,13215399702.42869,-16259665.801161101,77539516020.03688,-0.0012303574744071451,5.867360637286429
20150324,13140503133.141972,-73021752.22733508,76937932087.68266,-0.005556998197669099,5.855021783270665
20150325,12917004198.642956,-217639881.39237416,90208949529.51888,-0.016849098912210553,6.983736177696382
20150326,12885385730.358673,-30934550.244857673,86737672666.8249,-0.0024007469308407418,6.731476610938096
20150327,12905519723.516096,23716899.511152826,72554246197.00856,0.0018377330025645166,5.621954617201672
20150330,13055657602.129742,153150235.9750535,72251886640.24336,0.011730564682553441,5.534143805093132
20150331,12962375927.212467,-122639785.67506748,78623626415.20743,-0.009461211923163296,6.065525861670892
20150401,12889573974.743753,-60122452.747619025,87141803184.9431,-0.004664425128823101,6.7606426213691435
20150402,12929691467.328201,41334764.64415319,70192469017.28017,0.0031968871607339776,5.428781436482705
20150406,13008324069.861008,80603672.29197654,73038442036.5417,0.006196314902603574,5.61474649957134
20150407,12990821765.31631,-16529135.09663655,66913194196.382065,-0.0012723702468743774,5.15080534589667
20150408,13036525600.019176,48494665.29929179,78108231116.60522,0.0037199071890151817,5.991491407533487
20150409,13101018028.548128,66301446.561703086,74441965707.99117,0.00506078584253736,5.682151230215575
20150410,13171054455.06546,82845544.08302933,77228288616.75932,0.006289970508106717,5.863485636646052
20150413,13116236873.455467,-53618777.8835962,73137238699.36723,-0.004087969621234078,5.576084009841403
20150414,13137636389.057688,22615769.54281095,70917613545.525,0.0017214488872326823,5.398049652568566
20150415,13203995251.119223,68691999.7516048,82799896767.29843,0.005202364772570044,6.270821459154947
20150416,13204513516.501818,4289183.327042353,78868475889.88733,0.00032482706172265387,5.972842224844147
20150417,13043193694.691862,-158318452.12340766,97598099201.68628,-0.012138012808000996,7.482684186573523
20150420,13170014653.28433,129677092.95084082,77504196590.14761,0.009846389420569248,5.8848982807182875
20150421,13159391869.882357,-9184265.77890083,77102723250.30573,-0.0006979247878407421,5.8591403016707195
20150422,13234008182.810562,76388899.16556907,82082767881.94066,0.005772166535667506,6.202411752212503
20150423,13258679088.888895,27093500.568632506,98124346107.16371,0.002043453981123771,7.400763337683794
20150424,13317164348.1187,68423186.85754752,96954549999.75021,0.005137969696019678,7.280420025262125
20150427,13265659981.901537,-48990362.300353214,99418093623.23787,-0.0036930211061636754,7.494394832889951
20150428,13297951487.064972,36297488.58139639,98071353072.32863,0.0027295548954817035,7.374921856777974
20150429,13243347325.809904,-51090760.930120565,99986817209.8291,-0.0038578434645861774,7.549965635573509
20150430,13108112472.725286,-140680197.8195512,102430193672.3479,-0.010732300177639733,7.814259595764042
20150501,13252068067.391657,148440148.15055183,87802374010.08826,0.011201281746794455,6.625560143788938
20150504,13280513286.312849,29299034.907007046,73723986119.19987,0.002206167357793557,5.551290415497813
20150505,13130281858.095636,-147269609.59420067,84877803367.7286,-0.011216028047669043,6.4642788544098275
20150506,13064647620.549072,-59664692.33578139,91685557705.60571,-0.004566881103010863,7.0178362531106995
20150507,13130163089.565067,67904914.00060776,88934522018.22554,0.0051716733095702235,6.77329911377144
20150508,13310739984.749645,184220438.26566973,84958799815.56242,0.013839984739896836,6.382725521864393
20150511,13243639304.82022,-65618484.93258442,71353839104.2279,-0.004954717009598834,5.3877818220447615
20150512,13211904094.68339,-31196560.741636828,72117781051.46187,-0.0023612463819042296,5.458545606645966
20150513,13216871974.992949,6147342.679109492,76632836799.0603,0.0004651132802633334,5.798106915467885
20150514,13368226998.721668,154393461.3168109,76040522042.20003,0.011549284832728733,5.68815311480508
20150515,13370450130.9545,3435216.338438409,75275324183.5482,0.0002569260050927824,5.629976810524508
20150518,13406917085.013807,37471874.95403969,69512842830.22556,0.0027949658162595478,5.184849163267125
20150519,13393976937.422739,-11110652.301305644,78453058225.79916,-0.0008295260140595367,5.857338607669355
20150520,13373332726.218065,-18866814.332788624,78094933502.9222,-0.001410778802788682,5.839601474194921
20150521,13415019553.047438,42859684.740607165,81511488259.14676,0.003194902890087171,6.0761363736238545
20150522,13386527748.384579,-27666741.571490552,66050648059.73879,-0.002066760110726192,4.934113558141279
20150526,13250934312.18359,-133298164.60623631,85035568275.09837,-0.010059529499265205,6.417326225586395
20150527,13384652421.649084,136168007.37377188,78659711938.82774,0.01017344366399281,5.8768587678525845
20150528,13370864071.326885,-13102766.052770592,67661163478.17986,-0.0009799490880225748,5.060343379249189
20150529,13266247328.592257,-71442755.44464959,96987752797.6628,-0.005385302540732197,7.310865717739835
20150601,13302488338.598377,37143146.42754694,78137180462.65244,0.002792195375941261,5.873877012613521
20150602,13284441352.605232,-17321722.658534102,70382785811.64568,-0.0013039105069433056,5.298136665554461
20150603,13320268861.874289,36994217.80351202,71221919034.5835,0.0027772876198766594,5.34688299261265
20150604,13209394988.16703,-109108572.26364297,80143711513.90916,-0.00825992199956034,6.067175036078629
20150605,13185813309.003277,-22386684.7363367,74898258503.71167,-0.001697785658852842,5.680215300225062
20150608,13091724746.420448,-92389531.3373657,74008046106.3997,-0.007057093937345951,5.653040186827565
20150609,13101629023.306963,10745877.457277002,75828229947.91084,0.0008201939955833562,5.787694783069896
20150610,13268752830.210527,167569785.1141553,82688127522.76147,0.012628902449115601,6.231793491133222
20150611,13285831613.326233,17966365.338004015,76303024148.54611,0.0013522951261841236,5.743187658047018
20150612,13164762914.847174,-93840511.69503456,63041710313.54459,-0.007128158121951559,4.7886703863421936
20150615,13107898041.251362,-55367528.363929644,75942840803.57948,-0.004223982227332302,5.793670393573606
20150616,13184656070.023912,77930935.90032502,66562995043.234146,0.005910729524261582,5.048519634468813
20150617,13207238536.825592,23281262.625066023,71077119358.09476,0.0017627653623542231,5.381679081506042
20150618,13331423452.105204,126841502.72511671,82702574608.02249,0.009514475568255002,6.203581703419877
20150619,13262813310.235415,-68265598.98980813,110445516757.25067,-0.005147143173396325,8.32745769496851
20150622,13350461529.019062,84308358.69298817,72090476210.89212,0.006315014541612091,5.39984899055314
20150623,13366162621.610823,25837357.95612364,74244045083.2222,0.001933042316449824,5.554626797909981
20150624,13268987632.880976,-95516586.19995296,84437817519.55081,-0.007198483323871657,6.363546327401135
20150625,13234958237.189259,-32581712.832454834,72608216159.40503,-0.002461791888462679,5.486093333893664
20150626,13203956936.716284,-17216737.184982333,115505995688.53821,-0.0013039074019627933,8.747831899341502
20150629,12925839473.22055,-269902179.3077061,86168519757.86696,-0.0208808240166438,6.666377060955218
20150630,12960469508.874046,35680492.31124843,86068979440.22902,0.0027530246714301486,6.64088437392623
20150701,13039348771.452862,83606237.09158702,77042092843.53687,0.00641184146210022,5.908431026264568
20150702,13032830246.412128,-4293702.8362553185,64426175664.97165,-0.00032945283219946433,4.9433756480260955
20150706,12988241375.158785,-45599724.746536285,77026656503.40552,-0.003510846728930522,5.930491609951608
20150707,13141621408.429039,66825150.66834057,98791246159.4371,0.005085000441838851,7.5174320648190625
20150708,12914500014.533806,-219759022.86453,85643674896.79863,-0.017016456124295646,6.631590444881055
20150709,12945300900.330896,32274451.031780075,84444909988.55258,0.0024931402738545155,6.523209513530433
20150710,13117866083.739202,176413804.30220336,75667232987.87466,0.013448361431352347,5.768257771869705
20150713,13275111488.674667,160265806.24345937,76702304771.45975,0.012072652375099536,5.777902870111217
20150714,13348554283.197697,75151048.77807853,79061091210.9086,0.005629901724464187,5.922820519254705
20150715,13342407125.360424,-4268475.905882529,82916935318.14456,-0.0003199179777515013,6.214540939958366
20150716,13461998597.153616,123586674.29412013,90150637477.8854,0.009180410575904465,6.696675595921301
20150717,13517996704.725924,67256605.38977149,97959055103.76805,0.0049753381997983785,7.246565984849022
20150720,13484474409.330582,15578960.803995654,86171405580.18314,0.0011553257717791204,6.390416338404472
20150721,13474119863.421427,-57267324.74091255,90631210912.13983,-0.004250171834702003,6.726317698729914
20150722,13418310019.212784,-51950184.299717486,103552910868.61757,-0.0038715892109612523,7.717284122989189
20150723,13337680415.551235,-77707102.77202712,92481458943.40376,-0.005826133206897322,6.9338487699535705
20150724,13194213769.204803,-131934719.25303398,105047576213.01855,-0.009999437750581897,7.961639704383054
20150727,13111767663.333982,-78373026.50907256,100222166195.34215,-0.00597730439719707,7.643680758285969
20150728,13272916075.67742,165808040.84026444,94955369718.32663,0.012492208938479405,7.154069925321992
20150729,13360210073.311155,90017801.27392985,94178299585.2834,0.006737753432017712,7.049163079659759
20150730,13352743965.034136,-5141857.765937289,84282251460.16724,-0.000385078735831519,6.3119798957331215
20150731,13327814390.568666,-46063588.517730094,84747972393.71759,-0.003456199731467349,6.358729939523235
20150803,13296158742.066914,-29688175.541960724,79547756903.89832,-0.0022328385301261557,5.982762273454361
20150804,13254695958.15947,-39133700.32293843,87568604497.85303,-0.002952440436692784,6.606609821475882
20150805,13290988601.478115,40748416.73679523,95141873776.00616,0.0030658680071596425,7.158374491828641
20150806,13165185309.083801,-121419585.91793333,98880288916.54318,-0.009222778340549104,7.510740380412049
20150807,13118822401.803282,-44055196.35857321,76041288823.94066,-0.0033581669916133245,5.796350197826309
20150810,13284335940.040907,169996499.9468604,75004691008.76488,0.012796763098595423,5.6461001398413835
20150811,13148570307.779968,-130324507.32145609,89212113719.4166,-0.009911686538599827,6.7849288273288595
20150812,13155246023.923355,8650126.049798522,102552454189.91986,0.0006575419444127394,7.795555780821127
20150813,13140249226.945293,-13550959.22012713,73078828882.15013,-0.0010312558754471443,5.561449225201547
20150814,13188366793.663303,48450270.15510696,62648594816.36969,0.00367371266762054,4.7502921170247445
20150817,13261662220.554049,74970178.50460604,64334352766.463615,0.005653150959342857,4.851153022639408
20150818,13204966308.184347,-45722690.71909011,65809912487.4397,-0.0034625374765819357,4.983724376990736
20150819,13095643561.441456,-107232158.18484889,80201189048.49629,-0.008188383998216099,6.124264811592691
20150820,12803559474.383379,-282849565.8120477,99982487707.21693,-0.022091479043617267,7.808960305706871
20150821,12369852548.787693,-416218497.2278845,142281893459.31293,-0.03364781395625253,11.502311195557239
20150824,11886700873.584446,-462335526.32211614,182720808541.54065,-0.038895193143923916,15.371868989115145
20150825,11744790084.105827,-137280471.43824145,129906702004.23521,-0.011688627081042726,11.06079385616584
20150826,12248669585.716192,528319715.6817991,133841979567.43823,0.043132824506744806,10.927062619398134
20150827,12548697954.863548,310621196.57280105,120631399339.92526,0.02475326107059676,9.613061034206476
20150828,12551312391.528057,4270470.78009563,84690190801.85745,0.00034024097615307006,6.747516766375924
20150831,12423772971.681417,-105293637.16760443,86078753944.8013,-0.008475173959441255,6.928551748410734
20150901,12053872434.040903,-357338069.7415771,108335396330.54425,-0.029645084739111028,8.987601032229128
20150902,12291207347.423119,243489108.10666344,91782303834.4565,0.019810023639192088,7.4673139293918815
20150903,12290577421.260248,1259314.7500932831,77637338677.15503,0.00010246180524561195,6.316817836634584
20150904,12102131742.05445,-184246125.89193648,77357524832.44052,-0.015224270386322781,6.392057736706506
20150908,12407920469.144367,315372384.41437095,85035608980.6965,0.025417021748215526,6.853332852363168
20150909,12236995312.01651,-167437034.81343275,87135216332.5896,-0.01368285518986941,7.120638204954151
20150910,12312729191.15908,77474147.76885636,80795370377.24031,0.006292199443847526,6.561938390982714
20150911,12376655296.333796,65499813.904124044,69586451947.7863,0.005292206362370482,5.622395573091476
20150914,12328668556.41193,-47087525.83077273,65709110181.82057,-0.003819352074825899,5.329781547874153
20150915,12490670209.808477,164973339.57462552,73847594585.24478,0.013207725190364714,5.912220348853251
20150916,12591240462.300755,102888679.45280609,74467465015.55632,0.008171449013372713,5.914227850585354
20150917,12556934824.28968,-31351929.127197947,93268050361.76826,-0.002496782022516507,7.427612842375667
20150918,12361323126.210297,-190709388.44047308,144426159535.63702,-0.015427910628442594,11.683713633324851
20150921,12415113161.285921,56295825.40681504,76958431756.45103,0.004534459305804997,6.198770060061209
20150922,12267349007.33116,-144855033.52035502,84721411002.08067,-0.011808177417450778,6.906252602045465
20150923,12249262793.615566,-16999454.526464548,62229918416.66518,-0.0013877940911941923,5.080299073108303
20150924,12204866202.941412,-42714325.46329121,87072522489.43102,-0.0034997782649183753,7.134246376944817
20150925,12181413464.97892,-16132742.257195925,87587272091.57791,-0.0013243735879729325,7.190238829294141
20150928,11867114939.432861,-302663567.1235727,100281397471.267,-0.025504393331344716,8.450360343106235
20150929,11868523040.758202,4651545.361398005,92881109317.8449,0.0003919228488181667,7.8258355314202035
20150930,12097417073.968111,246435982.50723183,96495924521.91028,0.020370958610456305,7.976572513942297
20151001,12130821279.862883,35747751.30992174,85844538418.996,0.002946853348607392,7.076564433563753
20151002,12306979504.657509,181947344.08630267,96643857529.93192,0.014784077930530859,7.852768219314705
20151005,12526526032.311289,226233646.01408213,92474287273.96399,0.01806036609276414,7.382277180076351
20151006,12485984122.175095,-36915828.95531796,91657243311.95158,-0.0029565814431683833,7.340810497201291
20151007,12580541997.601074,98469415.91866264,94600754168.118,0.007827120321003604,7.519608788409671
20151008,12667811637.902246,89751297.73614913,89378924097.13521,0.007084988339076038,7.055593077316715
20151009,12671050004.502375,22486424.606791522,81256578706.48145,0.0017746299319157824,6.412773896212921
20151012,12689508583.767813,20544129.272727102,63671331841.41625,0.001618985411224417,5.017635743819383
20151013,12616355183.307217,-71480152.93190098,73664333282.76654,-0.005665673793527694,5.838796721594546
20151014,12547817979.841265,-64239799.25602916,87492286610.35341,-0.0051195992290638745,6.972709259164773
20151015,12748803641.704931,206493810.16195264,87810547579.98386,0.01619711276173814,6.88774806231471
20151016,12819784177.673265,73636093.87407169,84057132585.79735,0.005743941774177069,6.556828993438901
20151019,12827464509.927454,9225158.537061328,76649626962.46783,0.0007191724077600665,5.975430834608587
20151020,12783626007.92522,-44221124.93184997,82114495123.51436,-0.003459200457243903,6.423411876458792
20151021,12701158894.887686,-79571352.58562459,88625450676.09851,-0.006264889152568013,6.977745212822346
20151022,12914451167.590471,223698570.66528827,115250477602.3809,0.017321570058406524,8.92414831313996
20151023,13114061490.229256,211285933.15729055,117986984680.45204,0.016111403268522947,8.996982724868207
20151026,13102963112.393087,-7973333.527835483,85515461164.18898,-0.0006085137735215113,6.526421575842373
20151027,13084620910.873302,-14614554.29989694,96347417473.60547,-0.0011169260767617858,7.363409160256289
20151028,13236250388.945097,158736943.9312191,102871891843.76476,0.011992591501880022,7.771981401143881
20151029,13229524367.370918,-3569732.324865085,89231260621.625,-0.00026983073810797116,6.744857800156709
20151030,13134420566.641949,-69524807.75450362,100982059685.5534,-0.005293328883580807,7.6883528415423115
20151102,13267232609.326223,163346216.00611275,83297225491.41776,0.01231200362698761,6.278417507571536
20151103,13305281795.668337,41152297.37686144,86399321553.0202,0.0030929294102030195,6.49361079906991
20151104,13268403523.513166,-34603193.03912677,95188549060.84259,-0.0026079394538917854,7.174077038896
20151105,13258639285.058895,-5088815.69862521,89501968235.56683,-0.000383811308929701,6.7504640794041535
20151106,13278811450.993797,24109569.82263059,91516579079.86598,0.0018156421537882602,6.8919254872782165
20151109,13148184353.831413,-127964788.03527214,83786165479.60768,-0.009732506374386428,6.372451376162229
20151110,13158301745.820295,12192979.371189196,84366423244.79103,0.0009266377688186295,6.411649837076417
20151111,13114119797.94801,-41683790.904805936,78572717125.21965,-0.003178542788005359,5.991459460170104
20151112,12935802013.440813,-174142652.8210692,88727597116.46068,-0.013462068501058385,6.8590719790136845
20151113,12767330834.933586,-158909457.38669035,99783957810.31139,-0.012446568467693112,7.815569213361772
20151116,12958107552.285603,190713732.93296185,90493105638.22147,0.014717714925843705,6.983512466853999
20151117,12953952309.231329,-2453011.777035574,88016872379.96645,-0.00018936396541212314,6.79459598729905
20151118,13161928714.481672,214141438.62751552,89511377042.89522,0.01626976131483695,6.8007796565869985
20151119,13143813863.37965,-15578307.420454841,82719878018.8179,-0.001185219722553893,6.293445637516679
20151120,13198487214.28444,56378648.77484594,88778155163.68207,0.0042715993022161315,6.726388693061685
20151123,13178823231.809967,-18329229.12476486,78481207648.39075,-0.0013908092401242066,5.955099804279886
20151124,13191870406.843018,14848720.48129628,84794557060.17014,0.0011255962970644258,6.427788815768283
20151125,13191511524.510252,1237794.2876621592,60117550408.641,9.383263512769538e-05,4.557290519508751
20151127,13198380457.67222,7464765.8835749235,31899497380.663757,0.0005655819596589712,2.416925128273642
20151130,13110754194.719162,-65922932.650480874,100082914283.21109,-0.005028157165591111,7.633650421386373
20151201,13260056580.82801,152686555.97841275,84185594425.23662,0.01151477409222928,6.34881110137614
20151202,13131980361.094898,-125068991.7160752,87041011322.18813,-0.009524000819145863,6.6281709939239475
20151203,12948756023.53954,-179253241.87789905,97746692933.10938,-0.013843278964561124,7.548732307212808
20151204,13229107642.011358,288088393.42412645,93989981844.88855,0.021776857609749206,7.104786232625913
20151207,13152213843.46907,-82410054.60919002,79444162744.29694,-0.006265869426242029,6.040364283139004
20151208,13071710831.328392,-77744774.99600595,80893977719.85634,-0.005947559275078093,6.188476685544582
20151209,12967710320.335203,-99415561.8085468,94830352544.871,-0.007666392859859704,7.312806208831146
20151210,13012004331.055521,45605890.813721836,76970333403.3129,0.003504908978924566,5.915332599421994
20151211,12758703302.266062,-266288053.12727195,95114622608.27448,-0.02087109064445262,7.454881609432931
20151214,12833541660.97017,77961420.08192624,99248369058.56355,0.006074817236073292,7.733513606801253
20151215,12960985028.307117,132527865.56882997,96770535507.34521,0.010225138388740191,7.466294829906518
20151216,13158761980.520264,203367238.55892777,96559723918.17801,0.015454891490550933,7.338055362740157
20151217,12968630697.108295,-185829083.08925435,85678995046.00143,-0.014329121356712698,6.606633888117877
20151218,12736703170.86133,-226242791.2148908,143328340833.0774,-0.017763057533795926,11.253174303455538
20151221,12838923156.46527,103971964.94435786,74360862520.13892,0.008098184222872376,5.791830172508913
20151222,12943908464.048668,106690553.09163938,67524866447.669365,0.008242529942788866,5.216729292795737
20151223,13093196980.5191,153745321.9495787,69691092584.59584,0.011742382107160755,5.32269488409032
20151224,13066442130.409946,-22311844.35793458,25797568372.80236,-0.0017075684517063382,1.9743376288150283
20151228,13023020301.618357,-25698740.044740938,48421365382.27319,-0.0019733317962767347,3.7181363662817852
20151229,13168146546.005215,147206561.45421478,54575208175.136154,0.011178988701251388,4.144486696321928
20151230,13070989588.725988,-96037147.323835,44794553373.21973,-0.007347350915700302,3.427020813470466
20151231,12979113293.017036,-126650515.58066438,56356164908.840965,-0.009758025276565259,4.342065874343007
