DATE_EST,STORY_ID,TICKER,CLOSEST_ID,CLOSEST_SCORE,TOTAL_OVERLAP,IS_OLD,IS_REPRINT,IS_RECOMB
2018-05-29 00:00:01.467000-04:00,20180529000002,LEHTO.HE,,,0.0,False,False,False
2018-05-29 00:00:32.111000-04:00,20180529000003,GRB.V,,,0.0,False,False,False
2018-05-29 00:03:07.192000-04:00,20180529000008,2777.HK,,,0.0,False,False,False
2018-05-29 00:05:35.954000-04:00,20180529000009,UKDAY,,,0.0,False,False,False
2018-05-29 00:05:44.091000-04:00,20180529000009,UKDAY,20180529000009,0.4097222222222222,0.1,False,False,False
2018-05-29 00:05:55.409000-04:00,20180529000012,ORPHA.KO,,,0.0,False,False,False
2018-05-29 00:05:57.682000-04:00,20180529000009,UKDAY,20180529000009,0.28957528957528955,0.11703703703703704,False,False,False
2018-05-29 00:06:05.323000-04:00,20180529000009,UKDAY,20180529000009,0.09411764705882353,0.03625730994152047,False,False,False
2018-05-29 00:06:13.179000-04:00,20180529000009,UKDAY,20180529000009,0.19230769230769232,0.047265987025023166,False,False,False
2018-05-29 00:08:03.206000-04:00,20180529000017,BLOC.L,,,0.0,False,False,False
2018-05-29 00:08:03.206000-04:00,20180529000017,BLOC.L,20180529000017,0.6805555555555556,0.09607843137254903,False,False,False
2018-05-29 00:13:06.061000-04:00,20180529000026,1296.HK,,,0.0,False,False,False
2018-05-29 00:39:26.333000-04:00,20180529000058,500510.BY,,,0.0,False,False,False
2018-05-29 00:45:22.917000-04:00,20180529000074,WFD.AU,,,0.0,False,False,False
2018-05-29 01:00:00.772000-04:00,20180529000079,RHHBY,,,0.0,False,False,False
2018-05-29 01:00:00.772000-04:00,20180529000079,RO.EB,,,0.0,False,False,False
2018-05-29 01:00:00.772000-04:00,20180529000079,ROG.EB,,,0.0,False,False,False
2018-05-29 01:00:00.772000-04:00,20180529000079,RHHBY,20180529000079,0.5,0.22008547008547008,False,False,False
2018-05-29 01:00:00.772000-04:00,20180529000079,RO.EB,20180529000079,0.5,0.22008547008547008,False,False,False
2018-05-29 01:00:00.772000-04:00,20180529000079,ROG.EB,20180529000079,0.5,0.22008547008547008,False,False,False
2018-05-29 01:00:01.275000-04:00,20180529000081,ELIOR.FR,,,0.0,False,False,False
2018-05-29 01:00:01.275000-04:00,20180529000081,ELIOR.FR,20180529000081,0.3760330578512397,0.4776902887139108,False,False,False
2018-05-29 01:00:01.275000-04:00,20180529000081,ELIOR.FR,20180529000081,0.3413793103448276,0.1800878477306003,False,False,False
2018-05-29 01:00:01.275000-04:00,20180529000081,ELIOR.FR,20180529000081,0.39481268011527376,0.24,False,False,False
2018-05-29 01:00:01.275000-04:00,20180529000081,ELIOR.FR,20180529000081,0.4675925925925926,0.12890231621349446,False,False,False
2018-05-29 01:00:01.371000-04:00,20180529000086,ELIOR.FR,20180529000081,0.7696969696969697,0.12580943570767808,False,False,False
2018-05-29 01:00:02.275000-04:00,20180529000087,CLAS-B.SK,,,0.0,False,False,False
2018-05-29 01:00:12.133000-04:00,20180529000088,MAHA-A.SK,,,0.0,False,False,False
2018-05-29 01:00:12.133000-04:00,20180529000088,MAHA-A.SK,20180529000088,0.6190476190476191,0.04961832061068702,False,False,False
2018-05-29 01:00:14.871000-04:00,20180529000090,ING.FR,,,0.0,False,False,False
2018-05-29 01:00:15.621000-04:00,20180529000091,WIHN.EB,,,0.0,False,False,False
2018-05-29 01:00:18.769000-04:00,20180529000093,BCART.BT,,,0.0,False,False,False
2018-05-29 01:00:19.063000-04:00,20180529000094,SF.SK,,,0.0,False,False,False
2018-05-29 01:00:20.989000-04:00,20180529000095,PEAN.EB,,,0.0,False,False,False
2018-05-29 01:00:32.269000-04:00,20180529000104,AT1.FF,,,0.0,False,False,False
2018-05-29 01:00:32.269000-04:00,20180529000104,AT1.FF,20180529000104,0.68,0.030797101449275364,False,False,False
2018-05-29 01:00:41.385000-04:00,20180529000107,SHLTN.EB,,,0.0,False,False,False
2018-05-29 01:00:43.045000-04:00,20180529000108,BCART.BT,20180529000093,1.0,0.9391025641025641,True,True,False
2018-05-29 01:00:44.834000-04:00,20180529000109,ING.FR,20180529000090,0.967479674796748,0.9083969465648855,True,True,False
2018-05-29 01:02:25.688000-04:00,20180529000114,IBAB.BT,,,0.0,False,False,False
2018-05-29 01:03:06.401000-04:00,20180529000117,HUE.EB,,,0.0,False,False,False
2018-05-29 01:04:07.408000-04:00,20180529000119,RHHBY,20180529000079,0.8666666666666667,0.02276707530647986,False,False,False
2018-05-29 01:04:07.408000-04:00,20180529000119,RO.EB,20180529000079,0.8666666666666667,0.02276707530647986,False,False,False
2018-05-29 01:04:07.408000-04:00,20180529000119,ROG.EB,20180529000079,0.8666666666666667,0.02276707530647986,False,False,False
2018-05-29 01:04:23.558000-04:00,20180529000119,RHHBY,20180529000119,1.0,0.02617801047120419,False,False,False
2018-05-29 01:04:23.558000-04:00,20180529000119,RO.EB,20180529000119,1.0,0.02617801047120419,False,False,False
2018-05-29 01:04:23.558000-04:00,20180529000119,ROG.EB,20180529000119,1.0,0.02617801047120419,False,False,False
2018-05-29 01:05:55.127000-04:00,20180529000119,RHHBY,20180529000079,0.8571428571428571,0.020942408376963352,False,False,False
2018-05-29 01:05:55.127000-04:00,20180529000119,RO.EB,20180529000079,0.8571428571428571,0.020942408376963352,False,False,False
2018-05-29 01:05:55.127000-04:00,20180529000119,ROG.EB,20180529000079,0.8571428571428571,0.020942408376963352,False,False,False
2018-05-29 01:07:03.704000-04:00,20180529000140,GKNLY,,,0.0,False,False,False
2018-05-29 01:09:37.104000-04:00,20180529000147,JB7.BE,,,0.0,False,False,False
2018-05-29 01:11:50.426000-04:00,20180529000167,WIHN.EB,20180529000091,0.9939759036144579,0.9939759036144579,True,True,False
2018-05-29 01:15:17.581000-04:00,20180529000263,INTER.AE,,,0.0,False,False,False
2018-05-29 01:16:05.389000-04:00,20180529000289,BDGPT.YY,,,0.0,False,False,False
2018-05-29 01:16:05.389000-04:00,20180529000289,JABCKR.YY,,,0.0,False,False,False
2018-05-29 01:16:05.389000-04:00,20180529000289,PMX.YY,,,0.0,False,False,False
2018-05-29 01:18:09-04:00,20180529000294,ATC.AE,,,0.0,False,False,False
2018-05-29 01:18:09-04:00,20180529000294,MCP.LB,,,0.0,False,False,False
2018-05-29 01:20:03.231000-04:00,20180529000296,FLNG.OS,,,0.0,False,False,False
2018-05-29 01:20:03.231000-04:00,20180529000296,FLNG.OS,20180529000296,0.3064516129032258,0.31865828092243187,False,False,False
2018-05-29 01:20:03.231000-04:00,20180529000296,FLNG.OS,20180529000296,0.4238875878220141,0.2911084043848965,False,False,False
2018-05-29 01:20:03.231000-04:00,20180529000296,FLNG.OS,20180529000296,0.5269230769230769,0.3399405351833499,False,False,False
2018-05-29 01:23:32.619000-04:00,20180529000309,0101.HK,,,0.0,False,False,False
2018-05-29 01:23:32.619000-04:00,20180529000309,HLPPY,,,0.0,False,False,False
2018-05-29 01:29:37.275000-04:00,20180529000312,INS.XE,,,0.0,False,False,False
2018-05-29 01:29:48.530000-04:00,20180529000313,KWS.XE,,,0.0,False,False,False
2018-05-29 01:30:01.205000-04:00,20180529000314,CEREN.FR,,,0.0,False,False,False
2018-05-29 01:30:03.032000-04:00,20180529000315,ATORX.SK,,,0.0,False,False,False
2018-05-29 01:30:23.173000-04:00,20180529000324,MDG1.XE,,,0.0,False,False,False
2018-05-29 01:30:32.848000-04:00,20180529000325,BGHL.AE,,,0.0,False,False,False
2018-05-29 01:30:33.702000-04:00,20180529000326,VLK.AE,,,0.0,False,False,False
2018-05-29 01:30:34.035000-04:00,20180529000327,DBV.FR,,,0.0,False,False,False
2018-05-29 01:30:34.035000-04:00,20180529000327,DBVT,,,0.0,False,False,False
2018-05-29 01:30:34.035000-04:00,20180529000327,DBV.FR,20180529000327,0.4392523364485981,0.3271461716937355,False,False,False
2018-05-29 01:30:34.035000-04:00,20180529000327,DBVT,20180529000327,0.4392523364485981,0.3271461716937355,False,False,False
2018-05-29 01:30:37.550000-04:00,20180529000330,SIX2.XE,,,0.0,False,False,False
2018-05-29 01:30:37.550000-04:00,20180529000330,SIX3.XE,,,0.0,False,False,False
2018-05-29 01:31:08.037000-04:00,20180529000332,DBV,,,0.0,False,False,False
2018-05-29 01:31:08.037000-04:00,20180529000332,DBV.FR,20180529000327,0.9953488372093023,0.7004909983633388,True,True,False
2018-05-29 01:31:08.037000-04:00,20180529000332,DBVT,20180529000327,0.9953488372093023,0.7004909983633388,True,True,False
2018-05-29 01:31:08.037000-04:00,20180529000332,DBV,20180529000332,0.45723684210526316,0.32325581395348835,False,False,False
2018-05-29 01:31:08.037000-04:00,20180529000332,DBV.FR,20180529000327,0.9802631578947368,0.4910277324632953,False,False,False
2018-05-29 01:31:08.037000-04:00,20180529000332,DBVT,20180529000327,0.9802631578947368,0.4910277324632953,False,False,False
2018-05-29 01:45:21.743000-04:00,20180529000346,SPI.VI,,,0.0,False,False,False
2018-05-29 01:48:02.793000-04:00,20180529000350,DOF.OS,,,0.0,False,False,False
2018-05-29 01:55:00.022000-04:00,20180529000362,DJDAY,,,0.0,False,False,False
2018-05-29 01:55:00.022000-04:00,20180529000362,DJDAY,20180529000362,0.38268156424581007,0.39825581395348836,False,False,False
2018-05-29 01:55:00.022000-04:00,20180529000362,DJDAY,20180529000362,0.8163265306122449,0.07787610619469026,False,False,False
2018-05-29 01:55:00.033000-04:00,20180529000365,DJDAY,20180529000362,0.9590643274853801,0.5807017543859649,False,False,False
2018-05-29 01:55:00.033000-04:00,20180529000365,DJDAY,20180529000362,0.9519774011299436,0.5955249569707401,False,False,False
2018-05-29 01:55:00.033000-04:00,20180529000365,DJDAY,20180529000362,0.8545454545454545,0.0933786078098472,False,False,False
2018-05-29 01:57:05.381000-04:00,20180529000370,MT,,,0.0,False,False,False
2018-05-29 01:57:05.381000-04:00,20180529000370,MT.AE,,,0.0,False,False,False
2018-05-29 01:57:05.381000-04:00,20180529000370,MT.FR,,,0.0,False,False,False
2018-05-29 01:57:17.337000-04:00,20180529000371,OTELLO.OS,,,0.0,False,False,False
2018-05-29 01:57:17.380000-04:00,20180529000372,OTELLO.OS,20180529000371,1.0,1.0,True,True,False
2018-05-29 01:57:18.764000-04:00,20180529000373,000898.SZ,,,0.0,False,False,False
2018-05-29 01:57:18.764000-04:00,20180529000373,0347.HK,,,0.0,False,False,False
2018-05-29 01:57:18.764000-04:00,20180529000373,3908.HK,,,0.0,False,False,False
2018-05-29 01:59:37.664000-04:00,20180529000375,RKET.XE,,,0.0,False,False,False
2018-05-29 01:59:47.005000-04:00,20180529000376,DMRE.XE,,,0.0,False,False,False
2018-05-29 01:59:47.398000-04:00,20180529000377,ELN.FF,,,0.0,False,False,False
2018-05-29 01:59:52.228000-04:00,20180529000378,DLG.XE,,,0.0,False,False,False
2018-05-29 02:00:00.456000-04:00,20180529000382,DORO.SK,,,0.0,False,False,False
2018-05-29 02:00:00.572000-04:00,20180529000383,GSK,,,0.0,False,False,False
2018-05-29 02:00:00.572000-04:00,20180529000383,GSK.LN,,,0.0,False,False,False
2018-05-29 02:00:00.572000-04:00,20180529000383,INVA,,,0.0,False,False,False
2018-05-29 02:00:00.572000-04:00,20180529000383,GSK,20180529000383,0.3118279569892473,0.24267782426778242,False,False,False
2018-05-29 02:00:00.572000-04:00,20180529000383,GSK.LN,20180529000383,0.3118279569892473,0.24267782426778242,False,False,False
2018-05-29 02:00:00.572000-04:00,20180529000383,INVA,20180529000383,0.3118279569892473,0.24267782426778242,False,False,False
2018-05-29 02:00:01.247000-04:00,20180529000385,ALNOX.FR,,,0.0,False,False,False
2018-05-29 02:00:03.291000-04:00,20180529000386,DBP-B.AKT,,,0.0,False,False,False
2018-05-29 02:00:03.374000-04:00,20180529000387,BGBIO.OS,,,0.0,False,False,False
2018-05-29 02:00:03.534000-04:00,20180529000388,FPM.LN,,,0.0,False,False,False
2018-05-29 02:00:03.620000-04:00,20180529000389,BONEX.SK,,,0.0,False,False,False
2018-05-29 02:00:05.281000-04:00,20180529000391,INSP.AKT,,,0.0,False,False,False
2018-05-29 02:00:05.446000-04:00,20180529000392,FIA1S.HE,,,0.0,False,False,False
2018-05-29 02:00:05.446000-04:00,20180529000392,FNNNF,,,0.0,False,False,False
2018-05-29 02:00:05.632000-04:00,20180529000393,HANZA.SK,,,0.0,False,False,False
2018-05-29 02:00:05.808000-04:00,20180529000394,IRRAS.SK,,,0.0,False,False,False
2018-05-29 02:00:06.078000-04:00,20180529000395,OKDBV.HE,,,0.0,False,False,False
2018-05-29 02:00:07.340000-04:00,20180529000396,UQA.VI,,,0.0,False,False,False
2018-05-29 02:00:09.292000-04:00,20180529000397,2436.TO,,,0.0,False,False,False
2018-05-29 02:00:09.942000-04:00,20180529000398,4004.TO,,,0.0,False,False,False
2018-05-29 02:00:10.616000-04:00,20180529000398,4004.TO,20180529000398,0.38235294117647056,0.8666666666666667,True,False,True
2018-05-29 02:00:11.379000-04:00,20180529000401,SBB-B.SK,,,0.0,False,False,False
2018-05-29 02:00:11.462000-04:00,20180529000402,SECT-B.SK,,,0.0,False,False,False
2018-05-29 02:00:12.903000-04:00,20180529000404,5017.TO,,,0.0,False,False,False
2018-05-29 02:00:13.543000-04:00,20180529000404,5017.TO,20180529000404,0.6181818181818182,0.6938775510204082,True,False,True
2018-05-29 02:00:15.825000-04:00,20180529000406,AD.AE,,,0.0,False,False,False
2018-05-29 02:00:15.825000-04:00,20180529000406,ADRNY,,,0.0,False,False,False
2018-05-29 02:00:17.852000-04:00,20180529000407,PGS.OS,,,0.0,False,False,False
2018-05-29 02:00:17.852000-04:00,20180529000407,PGSVY,,,0.0,False,False,False
2018-05-29 02:00:20.481000-04:00,20180529000408,TGS.OS,,,0.0,False,False,False
2018-05-29 02:00:20.522000-04:00,20180529000408,TGS.OS,20180529000408,0.046762589928057555,0.8666666666666667,True,False,True
2018-05-29 02:00:20.806000-04:00,20180529000410,KBC.BT,,,0.0,False,False,False
2018-05-29 02:00:24.747000-04:00,20180529000413,AMSC.OS,,,0.0,False,False,False
2018-05-29 02:00:24.879000-04:00,20180529000414,UL.AE,,,0.0,False,False,False
2018-05-29 02:00:24.879000-04:00,20180529000414,UNRDY,,,0.0,False,False,False
2018-05-29 02:00:38.178000-04:00,20180529000416,AD.AE,20180529000406,0.9868421052631579,0.7894736842105263,True,True,False
2018-05-29 02:00:38.178000-04:00,20180529000416,ADRNY,20180529000406,0.9868421052631579,0.7894736842105263,True,True,False
2018-05-29 02:00:39.858000-04:00,20180529000418,AMSC.OS,20180529000413,0.9908256880733946,0.8372093023255814,True,True,False
2018-05-29 02:00:58.181000-04:00,20180529000420,DLG.XE,20180529000378,0.9949748743718593,0.9949748743718593,True,True,False
2018-05-29 02:01:02.346000-04:00,20180529000422,FIA1S.HE,20180529000392,0.896551724137931,0.896551724137931,True,True,False
2018-05-29 02:01:02.346000-04:00,20180529000422,FNNNF,20180529000392,0.896551724137931,0.896551724137931,True,True,False
2018-05-29 02:01:02.353000-04:00,20180529000423,GOGO,,,0.0,False,False,False
2018-05-29 02:01:02.353000-04:00,20180529000423,IRDM,,,0.0,False,False,False
2018-05-29 02:01:07.098000-04:00,20180529000425,DPW.NDB,,,0.0,False,False,False
2018-05-29 02:01:07.098000-04:00,20180529000425,DPW.NDB,20180529000425,1.0,0.0707070707070707,False,False,False
2018-05-29 02:01:16.570000-04:00,20180529000427,SMGZY,,,0.0,False,False,False
2018-05-29 02:01:16.570000-04:00,20180529000427,SMIN.LN,,,0.0,False,False,False
2018-05-29 02:01:16.570000-04:00,20180529000427,SMGZY,20180529000427,0.07179487179487179,1.0,True,False,True
2018-05-29 02:01:16.570000-04:00,20180529000427,SMIN.LN,20180529000427,0.07179487179487179,1.0,True,False,True
2018-05-29 02:01:18.015000-04:00,20180529000429,SHWE.LN,,,0.0,False,False,False
2018-05-29 02:01:18.015000-04:00,20180529000429,SHWE.LN,20180529000429,0.0340632603406326,1.0,True,False,True
2018-05-29 02:01:20.775000-04:00,20180529000431,CASP.LN,,,0.0,False,False,False
2018-05-29 02:01:20.776000-04:00,20180529000431,CASP.LN,20180529000431,1.0,0.03482587064676617,False,False,False
2018-05-29 02:01:21.445000-04:00,20180529000433,ODMTY,,,0.0,False,False,False
2018-05-29 02:01:21.445000-04:00,20180529000433,OML.LN,,,0.0,False,False,False
2018-05-29 02:01:21.446000-04:00,20180529000433,ODMTY,20180529000433,1.0,0.03814713896457766,False,False,False
2018-05-29 02:01:21.446000-04:00,20180529000433,OML.LN,20180529000433,1.0,0.03814713896457766,False,False,False
2018-05-29 02:01:40.999000-04:00,20180529000438,RKET.XE,20180529000375,0.8,0.030927835051546393,False,False,False
2018-05-29 02:02:02.034000-04:00,20180529000440,FIA1S.HE,20180529000422,0.9080459770114943,0.8229166666666666,True,True,False
2018-05-29 02:02:02.034000-04:00,20180529000440,FNNNF,20180529000422,0.9080459770114943,0.8229166666666666,True,True,False
2018-05-29 02:02:02.994000-04:00,20180529000441,RR.LN,,,0.0,False,False,False
2018-05-29 02:02:02.994000-04:00,20180529000441,RYCEY,,,0.0,False,False,False
2018-05-29 02:02:06.388000-04:00,20180529000442,ODMTY,20180529000433,0.8571428571428571,0.0326975476839237,False,False,False
2018-05-29 02:02:06.388000-04:00,20180529000442,OML.LN,20180529000433,0.8571428571428571,0.0326975476839237,False,False,False
2018-05-29 02:02:06.456000-04:00,20180529000442,ODMTY,20180529000433,0.45121951219512196,0.5067750677506775,False,False,False
2018-05-29 02:02:06.456000-04:00,20180529000442,OML.LN,20180529000433,0.45121951219512196,0.5067750677506775,False,False,False
2018-05-29 02:02:06.456000-04:00,20180529000442,ODMTY,20180529000433,0.47074468085106386,0.3902027027027027,False,False,False
2018-05-29 02:02:06.456000-04:00,20180529000442,OML.LN,20180529000433,0.47074468085106386,0.3902027027027027,False,False,False
2018-05-29 02:02:18.890000-04:00,20180529000445,500295.BY,,,0.0,False,False,False
2018-05-29 02:02:18.890000-04:00,20180529000445,VEDL,,,0.0,False,False,False
2018-05-29 02:02:22.430000-04:00,20180529000448,ICUI,,,0.0,False,False,False
2018-05-29 02:02:22.430000-04:00,20180529000448,SMGZY,20180529000427,0.8,0.06153846153846154,False,False,False
2018-05-29 02:02:22.430000-04:00,20180529000448,SMIN.LN,20180529000427,0.8,0.06153846153846154,False,False,False
2018-05-29 02:02:25.032000-04:00,20180529000449,EQNR,,,0.0,False,False,False
2018-05-29 02:02:25.032000-04:00,20180529000449,EQNR.OS,,,0.0,False,False,False
2018-05-29 02:02:44.711000-04:00,20180529000450,GSK,20180529000383,0.8666666666666667,0.017711171662125342,False,False,False
2018-05-29 02:02:44.711000-04:00,20180529000450,GSK.LN,20180529000383,0.8666666666666667,0.017711171662125342,False,False,False
2018-05-29 02:02:48.130000-04:00,20180529000451,EQNR,20180529000449,1.0,0.9166666666666666,True,True,False
2018-05-29 02:02:48.130000-04:00,20180529000451,EQNR.OS,20180529000449,1.0,0.9166666666666666,True,True,False
2018-05-29 02:02:50.226000-04:00,20180529000452,DC.LN,,,0.0,False,False,False
2018-05-29 02:03:02.546000-04:00,20180529000454,FIA1S.HE,20180529000440,0.896551724137931,0.75,True,True,False
2018-05-29 02:03:02.546000-04:00,20180529000454,FNNNF,20180529000440,0.896551724137931,0.75,True,True,False
2018-05-29 02:03:09.413000-04:00,20180529000455,PHNX.LN,,,0.0,False,False,False
2018-05-29 02:03:09.413000-04:00,20180529000455,PHXXY,,,0.0,False,False,False
2018-05-29 02:03:09.413000-04:00,20180529000455,SLA.LN,,,0.0,False,False,False
2018-05-29 02:03:15.976000-04:00,20180529000452,DC.LN,20180529000452,0.8666666666666667,0.8666666666666667,True,True,False
2018-05-29 02:03:20.536000-04:00,20180529000441,RR.LN,20180529000441,0.8666666666666667,0.8666666666666667,True,True,False
2018-05-29 02:03:20.536000-04:00,20180529000441,RYCEY,20180529000441,0.8666666666666667,0.8666666666666667,True,True,False
2018-05-29 02:03:39.645000-04:00,20180529000450,GSK,20180529000450,0.8666666666666667,0.017663043478260868,False,False,False
2018-05-29 02:03:39.645000-04:00,20180529000450,GSK.LN,20180529000450,0.8666666666666667,0.017663043478260868,False,False,False
2018-05-29 02:03:44.164000-04:00,20180529000448,ICUI,20180529000448,0.8666666666666667,0.8666666666666667,True,True,False
2018-05-29 02:03:44.164000-04:00,20180529000448,SMGZY,20180529000448,0.8666666666666667,0.06565656565656566,False,False,False
2018-05-29 02:03:44.164000-04:00,20180529000448,SMIN.LN,20180529000448,0.8666666666666667,0.06565656565656566,False,False,False
2018-05-29 02:04:02.128000-04:00,20180529000465,FIA1S.HE,20180529000454,0.896551724137931,0.6902654867256637,True,True,False
2018-05-29 02:04:02.128000-04:00,20180529000465,FNNNF,20180529000454,0.896551724137931,0.6902654867256637,True,True,False
2018-05-29 02:04:05.397000-04:00,20180529000455,PHNX.LN,20180529000455,0.8666666666666667,0.8666666666666667,True,True,False
2018-05-29 02:04:05.397000-04:00,20180529000455,PHXXY,20180529000455,0.8666666666666667,0.8666666666666667,True,True,False
2018-05-29 02:04:05.397000-04:00,20180529000455,SLA.LN,20180529000455,0.8666666666666667,0.8666666666666667,True,True,False
2018-05-29 02:04:22.199000-04:00,20180529000441,RR.LN,20180529000441,0.8666666666666667,0.7647058823529411,True,True,False
2018-05-29 02:04:22.199000-04:00,20180529000441,RYCEY,20180529000441,0.8666666666666667,0.7647058823529411,True,True,False
2018-05-29 02:04:34.344000-04:00,20180529000448,ICUI,20180529000448,0.8666666666666667,0.7647058823529411,True,True,False
2018-05-29 02:04:34.344000-04:00,20180529000448,SMGZY,20180529000448,0.8666666666666667,0.065,False,False,False
2018-05-29 02:04:34.344000-04:00,20180529000448,SMIN.LN,20180529000448,0.8666666666666667,0.065,False,False,False
2018-05-29 02:04:54.569000-04:00,20180529000452,DC.LN,20180529000452,0.8666666666666667,0.7647058823529411,True,True,False
2018-05-29 02:05:02.160000-04:00,20180529000473,FIA1S.HE,20180529000465,0.896551724137931,0.639344262295082,True,True,False
2018-05-29 02:05:02.160000-04:00,20180529000473,FNNNF,20180529000465,0.896551724137931,0.639344262295082,True,True,False
2018-05-29 02:05:04.653000-04:00,20180529000455,PHNX.LN,20180529000455,0.8666666666666667,0.7647058823529411,True,True,False
2018-05-29 02:05:04.653000-04:00,20180529000455,PHXXY,20180529000455,0.8666666666666667,0.7647058823529411,True,True,False
2018-05-29 02:05:04.653000-04:00,20180529000455,SLA.LN,20180529000455,0.8666666666666667,0.7647058823529411,True,True,False
2018-05-29 02:05:40.644000-04:00,20180529000448,ICUI,20180529000448,0.7857142857142857,0.5789473684210527,False,False,False
2018-05-29 02:05:40.644000-04:00,20180529000448,SMGZY,20180529000427,0.8571428571428571,0.0594059405940594,False,False,False
2018-05-29 02:05:40.644000-04:00,20180529000448,SMIN.LN,20180529000427,0.8571428571428571,0.0594059405940594,False,False,False
2018-05-29 02:05:56.379000-04:00,20180529000455,PHNX.LN,20180529000455,1.0,0.7894736842105263,True,True,False
2018-05-29 02:05:56.379000-04:00,20180529000455,PHXXY,20180529000455,1.0,0.7894736842105263,True,True,False
2018-05-29 02:05:56.379000-04:00,20180529000455,SLA.LN,20180529000455,1.0,0.7894736842105263,True,True,False
2018-05-29 02:06:03.287000-04:00,20180529000482,FIA1S.HE,20180529000454,0.8651685393258427,0.6311475409836066,True,True,False
2018-05-29 02:06:03.287000-04:00,20180529000482,FNNNF,20180529000454,0.8651685393258427,0.6311475409836066,True,True,False
2018-05-29 02:06:04.862000-04:00,20180529000452,DC.LN,20180529000452,0.8666666666666667,0.6842105263157895,True,True,False
2018-05-29 02:07:02.110000-04:00,20180529000490,FIA1S.HE,20180529000482,0.898876404494382,0.6349206349206349,True,True,False
2018-05-29 02:07:02.110000-04:00,20180529000490,FNNNF,20180529000482,0.898876404494382,0.6349206349206349,True,True,False
2018-05-29 02:13:17.309000-04:00,20180529000518,REDS.SK,,,0.0,False,False,False
2018-05-29 02:15:25.315000-04:00,20180529000535,SECT-B.SK,20180529000402,0.9333333333333333,0.8725212464589235,True,True,False
2018-05-29 02:18:40.383000-04:00,20180529000548,IOX.OS,,,0.0,False,False,False
2018-05-29 02:19:06.368000-04:00,20180529000441,RR.LN,20180529000441,0.16417910447761194,0.5789473684210527,False,False,False
2018-05-29 02:19:06.368000-04:00,20180529000441,RYCEY,20180529000441,0.16417910447761194,0.5789473684210527,False,False,False
2018-05-29 02:19:24.310000-04:00,20180529000450,GSK,20180529000383,0.7901234567901234,0.09078590785907859,False,False,False
2018-05-29 02:19:24.310000-04:00,20180529000450,GSK.LN,20180529000383,0.7901234567901234,0.09078590785907859,False,False,False
2018-05-29 02:19:47.735000-04:00,20180529000455,PHNX.LN,20180529000455,0.14473684210526316,0.5789473684210527,False,False,False
2018-05-29 02:19:47.735000-04:00,20180529000455,PHXXY,20180529000455,0.14473684210526316,0.5789473684210527,False,False,False
2018-05-29 02:19:47.735000-04:00,20180529000455,SLA.LN,20180529000455,0.14473684210526316,0.5789473684210527,False,False,False
2018-05-29 02:20:08.075000-04:00,20180529000556,IWG.LN,,,0.0,False,False,False
2018-05-29 02:20:08.075000-04:00,20180529000556,IWG.LN,20180529000556,1.0,0.047619047619047616,False,False,False
2018-05-29 02:23:00.222000-04:00,20180529000570,BGBIO.OS,20180529000387,0.9226666666666666,0.9129287598944591,True,True,False
2018-05-29 02:23:32.205000-04:00,20180529000571,REDS.SK,20180529000518,0.6648648648648648,0.803921568627451,True,False,True
2018-05-29 02:23:34.022000-04:00,20180529000572,HH.KO,,,0.0,False,False,False
2018-05-29 02:23:50.557000-04:00,20180529000573,532555.BY,,,0.0,False,False,False
2018-05-29 02:23:50.800000-04:00,20180529000574,532555.BY,20180529000573,0.95,0.7755102040816326,True,True,False
2018-05-29 02:24:56.856000-04:00,20180529000438,RKET.XE,20180529000375,0.6770833333333334,0.16624040920716113,False,False,False
2018-05-29 02:25:23.878000-04:00,20180529000578,IMTK.LN,,,0.0,False,False,False
2018-05-29 02:25:34.212000-04:00,20180529000579,LKOH.MZ,,,0.0,False,False,False
2018-05-29 02:25:34.212000-04:00,20180529000579,LUKOY,,,0.0,False,False,False
2018-05-29 02:30:03.721000-04:00,20180529000586,ALIV-SDB.SK,,,0.0,False,False,False
2018-05-29 02:30:03.721000-04:00,20180529000586,ALV,,,0.0,False,False,False
2018-05-29 02:30:04.256000-04:00,20180529000588,ALFA.SK,,,0.0,False,False,False
2018-05-29 02:30:04.721000-04:00,20180529000589,CHRO.SK,,,0.0,False,False,False
2018-05-29 02:30:04.970000-04:00,20180529000591,HOFI.SK,,,0.0,False,False,False
2018-05-29 02:30:05.303000-04:00,20180529000593,EXPRS2.SK,,,0.0,False,False,False
2018-05-29 02:30:05.384000-04:00,20180529000594,EVO.SK,,,0.0,False,False,False
2018-05-29 02:30:37.789000-04:00,20180529000605,UL.AE,20180529000414,0.6911196911196911,0.6911196911196911,True,False,True
2018-05-29 02:30:37.789000-04:00,20180529000605,UNRDY,20180529000414,0.6911196911196911,0.6911196911196911,True,False,True
2018-05-29 02:30:55.519000-04:00,20180529000607,1999.HK,,,0.0,False,False,False
2018-05-29 02:30:55.519000-04:00,20180529000607,3799.HK,,,0.0,False,False,False
2018-05-29 02:30:55.519000-04:00,20180529000607,6758.TO,,,0.0,False,False,False
2018-05-29 02:30:55.519000-04:00,20180529000607,SNE,,,0.0,False,False,False
2018-05-29 02:32:16.773000-04:00,20180529000619,AMZN,,,0.0,False,False,False
2018-05-29 02:32:22.699000-04:00,20180529000629,PBR,,,0.0,False,False,False
2018-05-29 02:32:22.699000-04:00,20180529000629,PETR3.BR,,,0.0,False,False,False
2018-05-29 02:32:22.699000-04:00,20180529000629,PETR4.BR,,,0.0,False,False,False
2018-05-29 02:32:31.529000-04:00,20180529000644,AMZN,20180529000619,0.23604060913705585,0.25067385444743934,False,False,False
2018-05-29 02:32:31.529000-04:00,20180529000644,WMT,,,0.0,False,False,False
2018-05-29 02:32:32.241000-04:00,20180529000645,DJDAY,20180529000362,0.1902439024390244,0.08149405772495756,False,False,False
2018-05-29 02:32:32.241000-04:00,20180529000645,EVHC,,,0.0,False,False,False
2018-05-29 02:32:33.683000-04:00,20180529000647,FCA.MI,,,0.0,False,False,False
2018-05-29 02:32:33.683000-04:00,20180529000647,FCAU,,,0.0,False,False,False
2018-05-29 02:32:34.341000-04:00,20180529000648,NXPI,,,0.0,False,False,False
2018-05-29 02:32:34.341000-04:00,20180529000648,QCOM,,,0.0,False,False,False
2018-05-29 02:32:34.884000-04:00,20180529000649,JNJ,,,0.0,False,False,False
2018-05-29 02:32:35.605000-04:00,20180529000650,KO,,,0.0,False,False,False
2018-05-29 02:32:36.154000-04:00,20180529000651,RAIL,,,0.0,False,False,False
2018-05-29 02:32:36.902000-04:00,20180529000652,AMZN,20180529000644,0.2841225626740947,0.20535714285714285,False,False,False
2018-05-29 02:32:37.651000-04:00,20180529000653,VRNT,,,0.0,False,False,False
2018-05-29 02:32:38.443000-04:00,20180529000654,XIMI.YY,,,0.0,False,False,False
2018-05-29 02:32:39.903000-04:00,20180529000656,SBUX,,,0.0,False,False,False
2018-05-29 02:32:41.902000-04:00,20180529000659,SCHW,,,0.0,False,False,False
2018-05-29 02:32:42.519000-04:00,20180529000660,BMO,,,0.0,False,False,False
2018-05-29 02:32:42.519000-04:00,20180529000660,BMO.T,,,0.0,False,False,False
2018-05-29 02:32:42.519000-04:00,20180529000660,CM,,,0.0,False,False,False
2018-05-29 02:32:42.519000-04:00,20180529000660,CM.T,,,0.0,False,False,False
2018-05-29 02:32:43.247000-04:00,20180529000661,EZU,,,0.0,False,False,False
2018-05-29 02:32:43.821000-04:00,20180529000662,DJDAY,20180529000645,0.29910714285714285,0.12685560053981107,False,False,False
2018-05-29 02:32:44.485000-04:00,20180529000663,DJDAY,20180529000662,0.2876712328767123,0.10982658959537572,False,False,False
2018-05-29 02:32:45.175000-04:00,20180529000664,DJDAY,20180529000662,0.3031496062992126,0.14698492462311558,False,False,False
2018-05-29 02:32:45.175000-04:00,20180529000664,ELLA.XX,,,0.0,False,False,False
2018-05-29 02:32:45.175000-04:00,20180529000664,TKA.XE,,,0.0,False,False,False
2018-05-29 02:32:45.175000-04:00,20180529000664,TKAMY,,,0.0,False,False,False
2018-05-29 02:32:48.109000-04:00,20180529000669,AAPL,,,0.0,False,False,False
2018-05-29 02:32:48.109000-04:00,20180529000669,GOOG,,,0.0,False,False,False
2018-05-29 02:32:48.109000-04:00,20180529000669,GOOGL,,,0.0,False,False,False
2018-05-29 02:32:48.109000-04:00,20180529000669,MSFT,,,0.0,False,False,False
2018-05-29 02:32:48.858000-04:00,20180529000670,FLXN,,,0.0,False,False,False
2018-05-29 02:32:48.858000-04:00,20180529000670,HRTX,,,0.0,False,False,False
2018-05-29 02:32:48.858000-04:00,20180529000670,LLY,,,0.0,False,False,False
2018-05-29 02:32:48.858000-04:00,20180529000670,NKTR,,,0.0,False,False,False
2018-05-29 02:32:48.858000-04:00,20180529000670,PCRX,,,0.0,False,False,False
2018-05-29 02:32:48.858000-04:00,20180529000670,PFE,,,0.0,False,False,False
2018-05-29 02:32:48.858000-04:00,20180529000670,FLXN,20180529000670,0.6428571428571429,0.07003891050583658,False,False,False
2018-05-29 02:32:48.858000-04:00,20180529000670,HRTX,20180529000670,0.6428571428571429,0.07003891050583658,False,False,False
2018-05-29 02:32:48.858000-04:00,20180529000670,LLY,20180529000670,0.6428571428571429,0.07003891050583658,False,False,False
2018-05-29 02:32:48.858000-04:00,20180529000670,NKTR,20180529000670,0.6428571428571429,0.07003891050583658,False,False,False
2018-05-29 02:32:48.858000-04:00,20180529000670,PCRX,20180529000670,0.6428571428571429,0.07003891050583658,False,False,False
2018-05-29 02:32:48.858000-04:00,20180529000670,PFE,20180529000670,0.6428571428571429,0.07003891050583658,False,False,False
2018-05-29 02:32:54.961000-04:00,20180529000682,DGX,,,0.0,False,False,False
2018-05-29 02:32:54.961000-04:00,20180529000682,HUM,,,0.0,False,False,False
2018-05-29 02:32:54.961000-04:00,20180529000682,UNH,,,0.0,False,False,False
2018-05-29 02:32:56.154000-04:00,20180529000684,DJDAY,20180529000662,0.3805970149253731,0.08235294117647059,False,False,False
2018-05-29 02:32:56.154000-04:00,20180529000684,NXPI,20180529000648,0.43283582089552236,0.16246498599439776,False,False,False
2018-05-29 02:32:58.330000-04:00,20180529000687,CBS,,,0.0,False,False,False
2018-05-29 02:32:58.330000-04:00,20180529000687,CBSA,,,0.0,False,False,False
2018-05-29 02:32:58.330000-04:00,20180529000687,VIA,,,0.0,False,False,False
2018-05-29 02:32:58.330000-04:00,20180529000687,VIAB,,,0.0,False,False,False
2018-05-29 02:32:58.330000-04:00,20180529000687,CBS,20180529000687,0.5614035087719298,0.22338568935427575,False,False,False
2018-05-29 02:32:58.330000-04:00,20180529000687,CBSA,20180529000687,0.5614035087719298,0.22338568935427575,False,False,False
2018-05-29 02:32:58.330000-04:00,20180529000687,VIA,20180529000687,0.5614035087719298,0.22338568935427575,False,False,False
2018-05-29 02:32:58.330000-04:00,20180529000687,VIAB,20180529000687,0.5614035087719298,0.22338568935427575,False,False,False
2018-05-29 02:33:50.362000-04:00,20180529000693,6758.TO,20180529000607,0.24285714285714285,0.1559633027522936,False,False,False
2018-05-29 02:33:50.362000-04:00,20180529000693,GMR.LN,,,0.0,False,False,False
2018-05-29 02:33:50.362000-04:00,20180529000693,SNE,20180529000607,0.24285714285714285,0.1559633027522936,False,False,False
2018-05-29 02:35:20.352000-04:00,20180529000699,SPI.VI,20180529000346,0.8152173913043478,0.18159806295399517,False,False,False
2018-05-29 02:36:11.483000-04:00,20180529000702,OTMP.LN,,,0.0,False,False,False
2018-05-29 02:36:28.266000-04:00,20180529000703,BLV.LN,,,0.0,False,False,False
2018-05-29 02:37:19.074000-04:00,20180529000452,DC.LN,20180529000452,0.102803738317757,0.5238095238095238,False,False,False
2018-05-29 02:38:05.149000-04:00,20180529000714,VED.LN,,,0.0,False,False,False
2018-05-29 02:41:08.657000-04:00,20180529000726,C8I.VI,,,0.0,False,False,False
2018-05-29 02:42:40.908000-04:00,20180529000735,000063.SZ,,,0.0,False,False,False
2018-05-29 02:42:40.908000-04:00,20180529000735,0763.HK,,,0.0,False,False,False
2018-05-29 02:42:40.908000-04:00,20180529000735,MSCI,,,0.0,False,False,False
2018-05-29 02:42:40.908000-04:00,20180529000735,ZTCOY,,,0.0,False,False,False
2018-05-29 02:43:18.958000-04:00,20180529000737,BDGPT.YY,20180529000289,0.7333333333333333,0.11,False,False,False
2018-05-29 02:43:18.958000-04:00,20180529000737,JABCKR.YY,20180529000289,0.7333333333333333,0.11,False,False,False
2018-05-29 02:43:18.958000-04:00,20180529000737,PMX.YY,20180529000289,0.7333333333333333,0.11,False,False,False
2018-05-29 02:44:03.106000-04:00,20180529000737,BDGPT.YY,20180529000737,0.8666666666666667,0.125,False,False,False
2018-05-29 02:44:03.106000-04:00,20180529000737,JABCKR.YY,20180529000737,0.8666666666666667,0.125,False,False,False
2018-05-29 02:44:03.106000-04:00,20180529000737,PMX.YY,20180529000737,0.8666666666666667,0.125,False,False,False
2018-05-29 02:44:36.066000-04:00,20180529000737,BDGPT.YY,20180529000737,1.0,0.14150943396226415,False,False,False
2018-05-29 02:44:36.066000-04:00,20180529000737,JABCKR.YY,20180529000737,1.0,0.14150943396226415,False,False,False
2018-05-29 02:44:36.066000-04:00,20180529000737,PMX.YY,20180529000737,1.0,0.14150943396226415,False,False,False
2018-05-29 02:45:08.758000-04:00,20180529000742,AGY.LN,,,0.0,False,False,False
2018-05-29 02:45:20.568000-04:00,20180529000743,HOYLU.SK,,,0.0,False,False,False
2018-05-29 02:46:45.255000-04:00,20180529000745,CAP.FR,,,0.0,False,False,False
2018-05-29 02:46:45.255000-04:00,20180529000745,CGEMY,,,0.0,False,False,False
2018-05-29 02:46:45.255000-04:00,20180529000745,YAR.OS,,,0.0,False,False,False
2018-05-29 02:46:45.255000-04:00,20180529000745,YARIY,,,0.0,False,False,False
2018-05-29 02:48:05.849000-04:00,20180529000755,PGM.LN,,,0.0,False,False,False
2018-05-29 02:48:21.302000-04:00,20180529000756,ALIV-SDB.SK,20180529000586,0.9423076923076923,0.9639344262295082,True,True,False
2018-05-29 02:48:21.302000-04:00,20180529000756,ALV,20180529000586,0.9423076923076923,0.9639344262295082,True,True,False
2018-05-29 02:51:10.598000-04:00,20180529000761,BEM.LN,,,0.0,False,False,False
2018-05-29 02:53:04.170000-04:00,20180529000776,MSMN.LN,,,0.0,False,False,False
2018-05-29 02:53:12.965000-04:00,20180529000777,IWG.LN,20180529000556,0.5887850467289719,0.21428571428571427,False,False,False
2018-05-29 02:53:12.965000-04:00,20180529000777,TDR.YY,,,0.0,False,False,False
2018-05-29 02:53:39.916000-04:00,20180529000778,RRS.AU,,,0.0,False,False,False
2018-05-29 02:58:16.165000-04:00,20180529000787,RISH.OS,,,0.0,False,False,False
2018-05-29 02:58:17.107000-04:00,20180529000788,88E.AU,,,0.0,False,False,False
2018-05-29 03:00:00.259000-04:00,20180529000792,VSS1R.RG,,,0.0,False,False,False
2018-05-29 03:00:06.001000-04:00,20180529000794,MTG-B.SK,,,0.0,False,False,False
2018-05-29 03:00:06.403000-04:00,20180529000795,ONCO.SK,,,0.0,False,False,False
2018-05-29 03:00:06.664000-04:00,20180529000796,SKA-B.SK,,,0.0,False,False,False
2018-05-29 03:00:08.036000-04:00,20180529000797,CGEO.LN,,,0.0,False,False,False
2018-05-29 03:00:08.075000-04:00,20180529000797,CGEO.LN,20180529000797,1.0,0.04093567251461988,False,False,False
2018-05-29 03:00:08.384000-04:00,20180529000799,BGEO.LN,,,0.0,False,False,False
2018-05-29 03:00:08.384000-04:00,20180529000799,BGEO.LN,20180529000799,1.0,0.04216867469879518,False,False,False
2018-05-29 03:00:08.645000-04:00,20180529000801,0384.HK,,,0.0,False,False,False
2018-05-29 03:00:08.645000-04:00,20180529000801,1193.HK,,,0.0,False,False,False
2018-05-29 03:00:09.062000-04:00,20180529000802,5922.TO,,,0.0,False,False,False
2018-05-29 03:00:10.631000-04:00,20180529000803,6309.TO,,,0.0,False,False,False
2018-05-29 03:00:12.206000-04:00,20180529000804,8851.TO,,,0.0,False,False,False
2018-05-29 03:00:12.473000-04:00,20180529000806,UKDAY,20180529000009,0.5,0.012944983818770227,False,False,False
2018-05-29 03:00:12.724000-04:00,20180529000804,8851.TO,20180529000804,0.8125,0.7959183673469388,True,True,False
2018-05-29 03:00:13.329000-04:00,20180529000804,8851.TO,20180529000804,0.78,0.6724137931034483,True,False,True
2018-05-29 03:00:13.982000-04:00,20180529000804,8851.TO,20180529000804,0.7959183673469388,0.5942028985507246,False,False,False
2018-05-29 03:00:14.809000-04:00,20180529000810,4645.TO,,,0.0,False,False,False
2018-05-29 03:00:15.114000-04:00,20180529000810,4645.TO,20180529000810,0.5932203389830508,0.660377358490566,True,False,True
2018-05-29 03:00:15.423000-04:00,20180529000812,2375.TO,,,0.0,False,False,False
2018-05-29 03:00:15.727000-04:00,20180529000812,2375.TO,20180529000812,0.7555555555555555,0.6181818181818182,True,False,True
2018-05-29 03:00:18.127000-04:00,20180529000737,BDGPT.YY,20180529000289,0.5157894736842106,0.46226415094339623,False,False,False
2018-05-29 03:00:18.127000-04:00,20180529000737,JABCKR.YY,20180529000289,0.5157894736842106,0.46226415094339623,False,False,False
2018-05-29 03:00:18.127000-04:00,20180529000737,PMX.YY,20180529000289,0.5157894736842106,0.46226415094339623,False,False,False
2018-05-29 03:00:29.642000-04:00,20180529000820,GWS.SK,,,0.0,False,False,False
2018-05-29 03:00:31.133000-04:00,20180529000822,SAVOS.SK,,,0.0,False,False,False
2018-05-29 03:01:10.583000-04:00,20180529000843,DC.LN,20180529000452,0.53125,0.1452991452991453,False,False,False
2018-05-29 03:01:22.880000-04:00,20180529000846,RR.LN,20180529000441,0.8571428571428571,0.16,False,False,False
2018-05-29 03:01:22.880000-04:00,20180529000846,RYCEY,20180529000441,0.8571428571428571,0.16,False,False,False
2018-05-29 03:01:51.749000-04:00,20180529000854,MSMN.LN,20180529000776,0.8571428571428571,0.13953488372093023,False,False,False
2018-05-29 03:02:00.283000-04:00,20180529000855,ATC.AE,20180529000294,0.8571428571428571,0.21428571428571427,False,False,False
2018-05-29 03:02:00.310000-04:00,20180529000856,JLT.SK,,,0.0,False,False,False
2018-05-29 03:02:20.780000-04:00,20180529000857,ISNPY,,,0.0,False,False,False
2018-05-29 03:02:20.780000-04:00,20180529000857,ISP.MI,,,0.0,False,False,False
2018-05-29 03:03:05.435000-04:00,20180529000861,UCG.MI,,,0.0,False,False,False
2018-05-29 03:03:05.435000-04:00,20180529000861,UNCFF,,,0.0,False,False,False
2018-05-29 03:04:03.795000-04:00,20180529000866,BMPS.MI,,,0.0,False,False,False
2018-05-29 03:04:28.322000-04:00,20180529000867,REDS.LN,,,0.0,False,False,False
2018-05-29 03:04:52.551000-04:00,20180529000868,REDS.LN,20180529000867,1.0,1.0,True,True,False
2018-05-29 03:05:02.882000-04:00,20180529000869,ETMC.V,,,0.0,False,False,False
2018-05-29 03:05:02.882000-04:00,20180529000869,ETMC.V,20180529000869,0.42592592592592593,0.25442477876106195,False,False,False
2018-05-29 03:05:03.351000-04:00,20180529000871,NP.L,,,0.0,False,False,False
2018-05-29 03:05:03.351000-04:00,20180529000871,NP.L,20180529000871,0.2835820895522388,0.18446601941747573,False,False,False
2018-05-29 03:05:04.060000-04:00,20180529000873,8068.TO,,,0.0,False,False,False
2018-05-29 03:05:04.364000-04:00,20180529000873,8068.TO,20180529000873,0.6428571428571429,0.6428571428571429,True,False,True
2018-05-29 03:07:44.784000-04:00,20180529000887,SMGZY,20180529000427,0.8571428571428571,0.0594059405940594,False,False,False
2018-05-29 03:07:44.784000-04:00,20180529000887,SMIN.LN,20180529000427,0.8571428571428571,0.0594059405940594,False,False,False
2018-05-29 03:12:16.091000-04:00,20180529000843,DC.LN,20180529000843,0.8571428571428571,0.09230769230769231,False,False,False
2018-05-29 03:13:03.687000-04:00,20180529000909,000961.SZ,,,0.0,False,False,False
2018-05-29 03:13:33.701000-04:00,20180529000913,ALS.LN,,,0.0,False,False,False
2018-05-29 03:20:30.211000-04:00,20180529000940,BZT.LN,,,0.0,False,False,False
2018-05-29 03:24:46.520000-04:00,20180529000964,AKER.OS,,,0.0,False,False,False
2018-05-29 03:27:26.729000-04:00,20180529000976,ALIZF,,,0.0,False,False,False
2018-05-29 03:27:26.729000-04:00,20180529000976,ALV.XE,,,0.0,False,False,False
2018-05-29 03:27:26.729000-04:00,20180529000976,AZSEY,,,0.0,False,False,False
2018-05-29 03:27:58.692000-04:00,20180529000981,SMGZY,20180529000427,0.38666666666666666,0.14356435643564355,False,False,False
2018-05-29 03:27:58.692000-04:00,20180529000981,SMIN.LN,20180529000427,0.38666666666666666,0.14356435643564355,False,False,False
2018-05-29 03:28:01.274000-04:00,20180529000982,VIG.VI,,,0.0,False,False,False
2018-05-29 03:28:01.274000-04:00,20180529000982,VNRFY,,,0.0,False,False,False
2018-05-29 03:29:07.709000-04:00,20180529000989,SFE.LN,,,0.0,False,False,False
2018-05-29 03:30:04.108000-04:00,20180529000992,VOLV-B.SK,,,0.0,False,False,False
2018-05-29 03:30:04.918000-04:00,20180529000994,1724.TO,,,0.0,False,False,False
2018-05-29 03:30:05.438000-04:00,20180529000994,1724.TO,20180529000994,0.7555555555555555,0.6938775510204082,True,False,True
2018-05-29 03:30:48.372000-04:00,20180529001005,OEX.AU,,,0.0,False,False,False
2018-05-29 03:33:11.342000-04:00,20180529001011,IDOX.LN,,,0.0,False,False,False
2018-05-29 03:33:49.835000-04:00,20180529001013,CHMF.MZ,,,0.0,False,False,False
2018-05-29 03:33:49.835000-04:00,20180529001013,SVST.LN,,,0.0,False,False,False
2018-05-29 03:34:34.620000-04:00,20180529001018,B8F.XE,,,0.0,False,False,False
2018-05-29 03:34:34.620000-04:00,20180529001018,BFRA,,,0.0,False,False,False
2018-05-29 03:35:21.876000-04:00,20180529001023,DC.LN,20180529000452,0.4722222222222222,0.2923076923076923,False,False,False
2018-05-29 03:37:24.947000-04:00,20180529001032,MOMO,,,0.0,False,False,False
2018-05-29 03:37:24.947000-04:00,20180529001032,MOMO,20180529001032,0.2890792291220557,0.3426395939086294,False,False,False
2018-05-29 03:37:24.947000-04:00,20180529001032,MOMO,20180529001032,0.4766355140186916,0.174931129476584,False,False,False
2018-05-29 03:38:00.643000-04:00,20180529001039,EHIC,,,0.0,False,False,False
2018-05-29 03:38:00.644000-04:00,20180529001039,EHIC,20180529001039,1.0,0.03275109170305677,False,False,False
2018-05-29 03:41:51.817000-04:00,20180529001062,RIC.LN,,,0.0,False,False,False
2018-05-29 03:42:15.586000-04:00,20180529001063,RNO.LN,,,0.0,False,False,False
2018-05-29 03:42:30.409000-04:00,20180529001065,NESN.EB,,,0.0,False,False,False
2018-05-29 03:42:30.409000-04:00,20180529001065,NSRGY,,,0.0,False,False,False
2018-05-29 03:43:08.012000-04:00,20180529001065,NESN.EB,20180529001065,0.8666666666666667,0.8666666666666667,True,True,False
2018-05-29 03:43:08.012000-04:00,20180529001065,NSRGY,20180529001065,0.8666666666666667,0.8666666666666667,True,True,False
2018-05-29 03:43:50.452000-04:00,20180529001068,MURGY,,,0.0,False,False,False
2018-05-29 03:43:50.452000-04:00,20180529001068,MUV2.XE,,,0.0,False,False,False
2018-05-29 03:44:58.162000-04:00,20180529001071,MNC.AU,,,0.0,False,False,False
2018-05-29 03:45:22.976000-04:00,20180529001075,BRG.OS,,,0.0,False,False,False
2018-05-29 03:45:30.800000-04:00,20180529001078,IMM.LN,,,0.0,False,False,False
2018-05-29 03:47:03.794000-04:00,20180529001086,EVRY.OS,,,0.0,False,False,False
2018-05-29 03:48:08.985000-04:00,20180529001089,SLA.LN,20180529000455,0.5641025641025641,0.5238095238095238,False,False,False
2018-05-29 03:53:43.122000-04:00,20180529001111,BLNKY,,,0.0,False,False,False
2018-05-29 03:53:43.122000-04:00,20180529001111,RTHM.LN,,,0.0,False,False,False
2018-05-29 03:54:59.919000-04:00,20180529001115,FRLQY,,,0.0,False,False,False
2018-05-29 03:54:59.919000-04:00,20180529001115,FRUT.TV,,,0.0,False,False,False
2018-05-29 03:54:59.919000-04:00,20180529001115,FRLQY,20180529001115,0.4158415841584158,0.47592067988668557,False,False,False
2018-05-29 03:54:59.919000-04:00,20180529001115,FRUT.TV,20180529001115,0.4158415841584158,0.47592067988668557,False,False,False
2018-05-29 03:56:32.324000-04:00,20180529001121,AVO.LN,,,0.0,False,False,False
2018-05-29 03:56:47.817000-04:00,20180529001122,VRS.LN,,,0.0,False,False,False
2018-05-29 03:57:26.122000-04:00,20180529001123,BSGR.KX,,,0.0,False,False,False
2018-05-29 03:57:26.122000-04:00,20180529001123,CASP.LN,20180529000431,0.74,0.18407960199004975,False,False,False
2018-05-29 03:58:32.134000-04:00,20180529001128,1382.HK,,,0.0,False,False,False
2018-05-29 03:58:32.134000-04:00,20180529001128,3402.TO,,,0.0,False,False,False
2018-05-29 03:58:32.134000-04:00,20180529001128,TRYIY,,,0.0,False,False,False
2018-05-29 03:58:59.788000-04:00,20180529001129,IWG.LN,20180529000556,0.3988439306358382,0.22189349112426035,False,False,False
2018-05-29 04:00:02.593000-04:00,20180529001131,ETI.L,,,0.0,False,False,False
2018-05-29 04:00:05.439000-04:00,20180529001132,MPVD,,,0.0,False,False,False
2018-05-29 04:00:05.439000-04:00,20180529001132,MPVD.T,,,0.0,False,False,False
2018-05-29 04:00:06.313000-04:00,20180529001133,MPVD,20180529001132,0.9951807228915662,0.9880382775119617,True,True,False
2018-05-29 04:00:06.313000-04:00,20180529001133,MPVD.T,20180529001132,0.9951807228915662,0.9880382775119617,True,True,False
2018-05-29 04:00:32.591000-04:00,20180529001147,FING-B.SK,,,0.0,False,False,False
2018-05-29 04:00:34.326000-04:00,20180529001148,LAUR.SK,,,0.0,False,False,False
2018-05-29 04:02:46.186000-04:00,20180529001154,AKER,,,0.0,False,False,False
2018-05-29 04:02:46.186000-04:00,20180529001154,AKR.LN,,,0.0,False,False,False
2018-05-29 04:04:00.676000-04:00,20180529001157,ESLT,,,0.0,False,False,False
2018-05-29 04:04:00.676000-04:00,20180529001157,ESLT.TV,,,0.0,False,False,False
2018-05-29 04:04:00.676000-04:00,20180529001157,ESLT,20180529001157,0.29699248120300753,0.43646408839779005,False,False,False
2018-05-29 04:04:00.676000-04:00,20180529001157,ESLT.TV,20180529001157,0.29699248120300753,0.43646408839779005,False,False,False
2018-05-29 04:04:00.676000-04:00,20180529001157,ESLT,20180529001157,0.3282828282828283,0.20244565217391305,False,False,False
2018-05-29 04:04:00.676000-04:00,20180529001157,ESLT.TV,20180529001157,0.3282828282828283,0.20244565217391305,False,False,False
2018-05-29 04:05:02.529000-04:00,20180529001164,BAYN.XE,,,0.0,False,False,False
2018-05-29 04:05:02.529000-04:00,20180529001164,BAYRY,,,0.0,False,False,False
2018-05-29 04:05:02.529000-04:00,20180529001164,KWS.XE,20180529000313,0.6101694915254238,0.2222222222222222,False,False,False
2018-05-29 04:05:02.529000-04:00,20180529001164,MON,,,0.0,False,False,False
2018-05-29 04:06:23.779000-04:00,20180529001173,FUTR.LN,,,0.0,False,False,False
2018-05-29 04:08:27.686000-04:00,20180529001183,PDZ.AU,,,0.0,False,False,False
2018-05-29 04:08:31.290000-04:00,20180529001186,EN.FR,,,0.0,False,False,False
2018-05-29 04:08:31.290000-04:00,20180529001186,KLR.LN,,,0.0,False,False,False
2018-05-29 04:13:16.649000-04:00,20180529001216,TRAF.LN,,,0.0,False,False,False
2018-05-29 04:14:44.055000-04:00,20180529001224,IRR.LN,,,0.0,False,False,False
2018-05-29 04:14:45.998000-04:00,20180529001065,NESN.EB,20180529001065,0.0990990990990991,0.6470588235294118,True,False,True
2018-05-29 04:14:45.998000-04:00,20180529001065,NSRGY,20180529001065,0.0990990990990991,0.6470588235294118,True,False,True
2018-05-29 04:15:00.384000-04:00,20180529001227,PXOG.LN,,,0.0,False,False,False
2018-05-29 04:15:00.384000-04:00,20180529001227,UOG.LN,,,0.0,False,False,False
2018-05-29 04:15:50.530000-04:00,20180529001232,AXZN.YY,,,0.0,False,False,False
2018-05-29 04:17:18.641000-04:00,20180529001240,BKIA.MC,,,0.0,False,False,False
2018-05-29 04:17:18.641000-04:00,20180529001240,SAB.MC,,,0.0,False,False,False
2018-05-29 04:17:18.641000-04:00,20180529001240,SAN,,,0.0,False,False,False
2018-05-29 04:17:18.641000-04:00,20180529001240,SAN.MC,,,0.0,False,False,False
2018-05-29 04:17:49.051000-04:00,20180529001242,NRS.OS,,,0.0,False,False,False
2018-05-29 04:17:51.012000-04:00,20180529001243,603997.SH,,,0.0,False,False,False
2018-05-29 04:17:51.012000-04:00,20180529001243,GMM.XE,,,0.0,False,False,False
2018-05-29 04:20:38.033000-04:00,20180529001260,LDO.MI,,,0.0,False,False,False
2018-05-29 04:21:17.979000-04:00,20180529001263,CODE.YY,,,0.0,False,False,False
2018-05-29 04:24:03.821000-04:00,20180529001268,ECHO.LN,,,0.0,False,False,False
2018-05-29 04:25:34.281000-04:00,20180529001270,NDA.SK,,,0.0,False,False,False
2018-05-29 04:25:34.281000-04:00,20180529001270,NDA1V.HE,,,0.0,False,False,False
2018-05-29 04:25:34.281000-04:00,20180529001270,NRBAY,,,0.0,False,False,False
2018-05-29 04:28:41.548000-04:00,20180529001278,PTTGC.TH,,,0.0,False,False,False
2018-05-29 04:28:41.548000-04:00,20180529001278,PTTGC.TH,20180529001278,0.029354207436399216,1.0,True,False,True
2018-05-29 04:29:26.241000-04:00,20180529001281,YNDX,,,0.0,False,False,False
2018-05-29 04:29:43.990000-04:00,20180529001282,GCP.LN,,,0.0,False,False,False
2018-05-29 04:29:56.092000-04:00,20180529001286,MSTG.YY,,,0.0,False,False,False
2018-05-29 04:30:03.351000-04:00,20180529001288,YNDX,20180529001281,0.45255474452554745,0.656084656084656,True,False,True
2018-05-29 04:30:15.305000-04:00,20180529001296,603997.SH,20180529001243,0.3283582089552239,0.23404255319148937,False,False,False
2018-05-29 04:30:15.305000-04:00,20180529001296,GMM.XE,20180529001243,0.3283582089552239,0.23404255319148937,False,False,False
2018-05-29 04:30:21.310000-04:00,20180529001298,539207.BY,,,0.0,False,False,False
2018-05-29 04:32:50.244000-04:00,20180529001312,6889.HK,,,0.0,False,False,False
2018-05-29 04:33:03.815000-04:00,20180529001313,0755.HK,,,0.0,False,False,False
2018-05-29 04:33:24.549000-04:00,20180529001316,2382.HK,,,0.0,False,False,False
2018-05-29 04:33:34.121000-04:00,20180529001317,DOF.OS,20180529000350,0.6344086021505376,0.7662337662337663,True,False,True
2018-05-29 04:33:44.223000-04:00,20180529001318,0830.HK,,,0.0,False,False,False
2018-05-29 04:34:05.856000-04:00,20180529001320,0830.HK,20180529001318,0.6529411764705882,0.6306818181818182,True,False,True
2018-05-29 04:34:26.266000-04:00,20180529001321,1366.HK,,,0.0,False,False,False
2018-05-29 04:37:31.807000-04:00,20180529001346,1811.HK,,,0.0,False,False,False
2018-05-29 04:38:12.247000-04:00,20180529001348,1116.HK,,,0.0,False,False,False
2018-05-29 04:38:20.063000-04:00,20180529001349,ASETEK.OS,,,0.0,False,False,False
2018-05-29 04:38:20.259000-04:00,20180529001350,0080.HK,,,0.0,False,False,False
2018-05-29 04:38:32.212000-04:00,20180529001353,1359.HK,,,0.0,False,False,False
2018-05-29 04:39:05.587000-04:00,20180529001357,0999.HK,,,0.0,False,False,False
2018-05-29 04:39:20.558000-04:00,20180529001357,0999.HK,20180529001357,0.31790123456790126,0.3678571428571429,False,False,False
2018-05-29 04:39:35.300000-04:00,20180529001357,0999.HK,20180529001357,0.3904382470119522,0.2275449101796407,False,False,False
2018-05-29 04:39:50.470000-04:00,20180529001357,0999.HK,20180529001357,0.3875968992248062,0.2304075235109718,False,False,False
2018-05-29 04:40:05.364000-04:00,20180529001357,0999.HK,20180529001357,0.4152046783625731,0.12550066755674233,False,False,False
2018-05-29 04:40:20.886000-04:00,20180529001357,0999.HK,20180529001357,0.3686131386861314,0.1900726392251816,False,False,False
2018-05-29 04:40:35.593000-04:00,20180529001357,0999.HK,20180529001357,0.21649484536082475,0.17194570135746606,False,False,False
2018-05-29 04:40:50.512000-04:00,20180529001357,0999.HK,20180529001357,0.39447731755424065,0.2934131736526946,False,False,False
2018-05-29 04:41:05.227000-04:00,20180529001357,0999.HK,20180529001357,0.37656903765690375,0.143796992481203,False,False,False
2018-05-29 04:43:50.775000-04:00,20180529001376,SRR.JO,,,0.0,False,False,False
2018-05-29 04:44:16.289000-04:00,20180529001377,0768.HK,,,0.0,False,False,False
2018-05-29 04:44:36.264000-04:00,20180529001378,0973.HK,,,0.0,False,False,False
2018-05-29 04:44:36.264000-04:00,20180529001378,LCCTF,,,0.0,False,False,False
2018-05-29 04:44:42.172000-04:00,20180529001380,SFE.LN,20180529000989,0.4794520547945205,0.2892561983471074,False,False,False
2018-05-29 04:44:56.342000-04:00,20180529001381,1359.HK,20180529001353,0.8367346938775511,0.8951965065502183,True,True,False
2018-05-29 04:45:04.511000-04:00,20180529001384,AM1.HE,,,0.0,False,False,False
2018-05-29 04:45:04.771000-04:00,20180529001385,NVP.SK,,,0.0,False,False,False
2018-05-29 04:50:12.641000-04:00,20180529001399,1432.HK,,,0.0,False,False,False
2018-05-29 04:53:34.614000-04:00,20180529001403,2789.HK,,,0.0,False,False,False
2018-05-29 04:53:55.211000-04:00,20180529001405,3838.HK,,,0.0,False,False,False
2018-05-29 04:54:14.740000-04:00,20180529001406,1233.HK,,,0.0,False,False,False
2018-05-29 04:54:14.740000-04:00,20180529001406,1233.HK,20180529001406,0.28343949044585987,0.18350515463917524,False,False,False
2018-05-29 04:54:14.740000-04:00,20180529001406,1233.HK,20180529001406,1.0,0.02112676056338028,False,False,False
2018-05-29 04:55:40.341000-04:00,20180529001419,0717.HK,,,0.0,False,False,False
2018-05-29 04:55:55.391000-04:00,20180529001419,0717.HK,20180529001419,0.38735177865612647,0.4083333333333333,False,False,False
2018-05-29 04:56:10.542000-04:00,20180529001419,0717.HK,20180529001419,0.48756218905472637,0.30886075949367087,False,False,False
2018-05-29 04:56:25.376000-04:00,20180529001419,0717.HK,20180529001419,0.34517766497461927,0.20464135021097046,False,False,False
2018-05-29 04:56:40.315000-04:00,20180529001419,0717.HK,20180529001419,0.3983739837398374,0.2421602787456446,False,False,False
2018-05-29 04:56:55.607000-04:00,20180529001419,0717.HK,20180529001419,0.34324324324324323,0.3142437591776799,False,False,False
2018-05-29 04:57:10.547000-04:00,20180529001419,0717.HK,20180529001419,0.3263157894736842,0.2807244501940492,False,False,False
2018-05-29 04:57:25.395000-04:00,20180529001419,0717.HK,20180529001419,0.5202702702702703,0.1127348643006263,False,False,False
2018-05-29 04:59:37.406000-04:00,20180529001439,GGS.XE,,,0.0,False,False,False
2018-05-29 05:00:00.547000-04:00,20180529001441,AMZN,20180529000644,0.20555555555555555,0.13213885778275475,False,False,False
2018-05-29 05:00:00.547000-04:00,20180529001441,PRGS,,,0.0,False,False,False
2018-05-29 05:00:03.096000-04:00,20180529001442,AMZN,20180529001441,0.3333333333333333,0.0881057268722467,False,False,False
2018-05-29 05:00:03.096000-04:00,20180529001442,VDRM,,,0.0,False,False,False
2018-05-29 05:00:03.758000-04:00,20180529001443,SNN.L,,,0.0,False,False,False
2018-05-29 05:01:02.359000-04:00,20180529001449,0100.HK,,,0.0,False,False,False
2018-05-29 05:01:13.920000-04:00,20180529001451,SSHIP.OS,,,0.0,False,False,False
2018-05-29 05:01:23.417000-04:00,20180529001452,0388.HK,,,0.0,False,False,False
2018-05-29 05:01:44.621000-04:00,20180529001453,1359.HK,20180529001381,0.328042328042328,0.2379182156133829,False,False,False
2018-05-29 05:01:57.961000-04:00,20180529001454,0493.HK,,,0.0,False,False,False
2018-05-29 05:02:04.932000-04:00,20180529001457,0270.HK,,,0.0,False,False,False
2018-05-29 05:02:19.690000-04:00,20180529001457,0270.HK,20180529001457,0.592436974789916,0.4912891986062718,False,False,False
2018-05-29 05:04:52.050000-04:00,20180529001466,GZPFY,,,0.0,False,False,False
2018-05-29 05:04:52.050000-04:00,20180529001466,SIBN.MZ,,,0.0,False,False,False
2018-05-29 05:05:20.841000-04:00,20180529001466,GZPFY,20180529001466,0.8666666666666667,0.8666666666666667,True,True,False
2018-05-29 05:05:20.841000-04:00,20180529001466,SIBN.MZ,20180529001466,0.8666666666666667,0.8666666666666667,True,True,False
2018-05-29 05:05:37.643000-04:00,20180529001470,1359.HK,20180529001453,0.5746268656716418,0.45685279187817257,False,False,False
2018-05-29 05:06:38.652000-04:00,20180529001471,0317.HK,,,0.0,False,False,False
2018-05-29 05:06:38.652000-04:00,20180529001471,600685.SH,,,0.0,False,False,False
2018-05-29 05:07:18.707000-04:00,20180529001466,GZPFY,20180529001466,0.8666666666666667,0.7647058823529411,True,True,False
2018-05-29 05:07:18.707000-04:00,20180529001466,SIBN.MZ,20180529001466,0.8666666666666667,0.7647058823529411,True,True,False
2018-05-29 05:07:42.358000-04:00,20180529001466,GZPFY,20180529001466,1.0,0.7894736842105263,True,True,False
2018-05-29 05:07:42.358000-04:00,20180529001466,SIBN.MZ,20180529001466,1.0,0.7894736842105263,True,True,False
2018-05-29 05:08:52.998000-04:00,20180529001466,GZPFY,20180529001466,0.8666666666666667,0.6842105263157895,True,True,False
2018-05-29 05:08:52.998000-04:00,20180529001466,SIBN.MZ,20180529001466,0.8666666666666667,0.6842105263157895,True,True,False
2018-05-29 05:09:54.719000-04:00,20180529001482,0360.HK,,,0.0,False,False,False
2018-05-29 05:10:15.451000-04:00,20180529001490,1698.HK,,,0.0,False,False,False
2018-05-29 05:10:36.430000-04:00,20180529001492,0889.HK,,,0.0,False,False,False
2018-05-29 05:13:08.877000-04:00,20180529001496,99SC.BE,,,0.0,False,False,False
2018-05-29 05:13:16.818000-04:00,20180529001497,SFE.LN,20180529000989,0.3561643835616438,0.20125786163522014,False,False,False
2018-05-29 05:14:07.519000-04:00,20180529001500,BNORDIK.KO,,,0.0,False,False,False
2018-05-29 05:14:18.425000-04:00,20180529001502,0317.HK,20180529001471,0.896551724137931,0.896551724137931,True,True,False
2018-05-29 05:14:18.425000-04:00,20180529001502,600685.SH,20180529001471,0.896551724137931,0.896551724137931,True,True,False
2018-05-29 05:14:40.083000-04:00,20180529001508,2329.HK,,,0.0,False,False,False
2018-05-29 05:14:54.475000-04:00,20180529001508,2329.HK,20180529001508,0.6805555555555556,0.1975806451612903,False,False,False
2018-05-29 05:15:00.447000-04:00,20180529001511,0063.HK,,,0.0,False,False,False
2018-05-29 05:18:29.057000-04:00,20180529001524,0185.HK,,,0.0,False,False,False
2018-05-29 05:18:39.393000-04:00,20180529001525,0360.HK,20180529001482,0.3855421686746988,0.27467811158798283,False,False,False
2018-05-29 05:21:04.027000-04:00,20180529001534,603997.SH,20180529001296,0.47435897435897434,0.33093525179856115,False,False,False
2018-05-29 05:21:04.027000-04:00,20180529001534,GMM.XE,20180529001296,0.47435897435897434,0.33093525179856115,False,False,False
2018-05-29 05:21:34.405000-04:00,20180529001539,QFR.OS,,,0.0,False,False,False
2018-05-29 05:22:12.828000-04:00,20180529001542,3339.HK,,,0.0,False,False,False
2018-05-29 05:22:54.480000-04:00,20180529001543,0493.HK,20180529001454,0.49586776859504134,0.21978021978021978,False,False,False
2018-05-29 05:25:37.396000-04:00,20180529001545,GN.KO,,,0.0,False,False,False
2018-05-29 05:26:24.282000-04:00,20180529001546,GN.KO,20180529001545,0.9234042553191489,0.7022653721682848,True,True,False
2018-05-29 05:26:33.471000-04:00,20180529001552,0770.HK,,,0.0,False,False,False
2018-05-29 05:26:54.069000-04:00,20180529001554,0190.HK,,,0.0,False,False,False
2018-05-29 05:26:54.069000-04:00,20180529001554,HKHDY,,,0.0,False,False,False
2018-05-29 05:27:15.195000-04:00,20180529001555,0360.HK,20180529001525,0.7595628415300546,0.4507462686567164,False,False,False
2018-05-29 05:27:34.899000-04:00,20180529001556,0987.HK,,,0.0,False,False,False
2018-05-29 05:27:55.833000-04:00,20180529001557,1039.HK,,,0.0,False,False,False
2018-05-29 05:28:15.450000-04:00,20180529001558,0888.HK,,,0.0,False,False,False
2018-05-29 05:29:19.347000-04:00,20180529001559,FTIN.TV,,,0.0,False,False,False
2018-05-29 05:29:19.347000-04:00,20180529001559,FTIN.TV,20180529001559,0.33727810650887574,0.3496932515337423,False,False,False
2018-05-29 05:29:19.347000-04:00,20180529001559,FTIN.TV,20180529001559,0.6402877697841727,0.17272727272727273,False,False,False
2018-05-29 05:30:00.009000-04:00,20180529001563,MAS.YY,,,0.0,False,False,False
2018-05-29 05:30:00.019000-04:00,20180529001564,CRM,,,0.0,False,False,False
2018-05-29 05:30:00.035000-04:00,20180529001566,HPQ,,,0.0,False,False,False
2018-05-29 05:30:04.448000-04:00,20180529001568,MDLZ,,,0.0,False,False,False
2018-05-29 05:30:04.448000-04:00,20180529001568,REALFI.SK,,,0.0,False,False,False
2018-05-29 05:31:33.240000-04:00,20180529001576,0888.HK,20180529001558,0.6,0.19433198380566802,False,False,False
2018-05-29 05:31:54.206000-04:00,20180529001578,0588.HK,,,0.0,False,False,False
2018-05-29 05:31:54.206000-04:00,20180529001578,601588.SH,,,0.0,False,False,False
2018-05-29 05:32:14.709000-04:00,20180529001582,1171.HK,,,0.0,False,False,False
2018-05-29 05:32:14.709000-04:00,20180529001582,600188.SH,,,0.0,False,False,False
2018-05-29 05:32:17.902000-04:00,20180529001583,BLU.JO,,,0.0,False,False,False
2018-05-29 05:32:35.556000-04:00,20180529001588,1094.HK,,,0.0,False,False,False
2018-05-29 05:32:57.353000-04:00,20180529001590,2310.HK,,,0.0,False,False,False
2018-05-29 05:36:19.287000-04:00,20180529001599,1288.HK,,,0.0,False,False,False
2018-05-29 05:36:19.287000-04:00,20180529001599,601288.SH,,,0.0,False,False,False
2018-05-29 05:36:19.287000-04:00,20180529001599,ACGBY,,,0.0,False,False,False
2018-05-29 05:36:39.986000-04:00,20180529001600,0139.HK,,,0.0,False,False,False
2018-05-29 05:37:00.504000-04:00,20180529001601,0241.HK,,,0.0,False,False,False
2018-05-29 05:37:56.010000-04:00,20180529001603,APO,,,0.0,False,False,False
2018-05-29 05:37:56.011000-04:00,20180529001603,APO,20180529001603,0.03,1.0,True,False,True
2018-05-29 05:38:04.929000-04:00,20180529001605,BDGPT.YY,20180529000737,0.15165876777251186,0.5460526315789473,False,False,False
2018-05-29 05:38:04.929000-04:00,20180529001605,JABCKR.YY,20180529000737,0.15165876777251186,0.5460526315789473,False,False,False
2018-05-29 05:38:04.929000-04:00,20180529001605,PMX.YY,20180529000737,0.15165876777251186,0.5460526315789473,False,False,False
2018-05-29 05:38:06.041000-04:00,20180529001603,APO,20180529001603,0.6557377049180327,0.08,False,False,False
2018-05-29 05:38:22.581000-04:00,20180529001607,HIMX,,,0.0,False,False,False
2018-05-29 05:38:29.359000-04:00,20180529001608,WAT,,,0.0,False,False,False
2018-05-29 05:39:35.996000-04:00,20180529001466,GZPFY,20180529001466,0.14102564102564102,0.5238095238095238,False,False,False
2018-05-29 05:39:35.996000-04:00,20180529001466,SIBN.MZ,20180529001466,0.14102564102564102,0.5238095238095238,False,False,False
2018-05-29 05:40:05.055000-04:00,20180529001613,NDA.SK,20180529001270,0.3163841807909605,0.27184466019417475,False,False,False
2018-05-29 05:40:05.055000-04:00,20180529001613,NDA1V.HE,20180529001270,0.3163841807909605,0.27184466019417475,False,False,False
2018-05-29 05:40:05.055000-04:00,20180529001613,NRBAY,20180529001270,0.3163841807909605,0.27184466019417475,False,False,False
2018-05-29 05:40:47.001000-04:00,20180529001628,1043.HK,,,0.0,False,False,False
2018-05-29 05:41:07.860000-04:00,20180529001629,0588.HK,20180529001578,0.8148148148148148,0.38596491228070173,False,False,False
2018-05-29 05:41:07.860000-04:00,20180529001629,601588.SH,20180529001578,0.8148148148148148,0.38596491228070173,False,False,False
2018-05-29 05:41:28.732000-04:00,20180529001636,0871.HK,,,0.0,False,False,False
2018-05-29 05:41:49.816000-04:00,20180529001640,0223.HK,,,0.0,False,False,False
2018-05-29 05:45:00.677000-04:00,20180529001653,VALOE.HE,,,0.0,False,False,False
2018-05-29 05:45:00.677000-04:00,20180529001653,VALOE.HE,20180529001653,0.4261904761904762,0.5986622073578596,False,False,False
2018-05-29 05:45:00.677000-04:00,20180529001653,VALOE.HE,20180529001653,0.48148148148148145,0.37962962962962965,False,False,False
2018-05-29 05:45:00.677000-04:00,20180529001653,VALOE.HE,20180529001653,0.39325842696629215,0.3688639551192146,False,False,False
2018-05-29 05:45:00.677000-04:00,20180529001653,VALOE.HE,20180529001653,0.52,0.24581005586592178,False,False,False
2018-05-29 05:45:00.677000-04:00,20180529001653,VALOE.HE,20180529001653,0.5026178010471204,0.318,False,False,False
2018-05-29 05:45:00.677000-04:00,20180529001653,VALOE.HE,20180529001653,0.4646924829157175,0.31841302136317395,False,False,False
2018-05-29 05:45:00.677000-04:00,20180529001653,VALOE.HE,20180529001653,0.3,0.13451511991657977,False,False,False
2018-05-29 05:45:00.677000-04:00,20180529001653,VALOE.HE,20180529001653,0.36627906976744184,0.19223985890652556,False,False,False
2018-05-29 05:45:00.677000-04:00,20180529001653,VALOE.HE,20180529001653,0.4918918918918919,0.1256781193490054,False,False,False
2018-05-29 05:45:17.924000-04:00,20180529001665,1476.HK,,,0.0,False,False,False
2018-05-29 05:45:32.651000-04:00,20180529001665,1476.HK,20180529001665,0.6233766233766234,0.16326530612244897,False,False,False
2018-05-29 05:45:47.607000-04:00,20180529001671,1288.HK,20180529001599,0.8571428571428571,0.2033898305084746,False,False,False
2018-05-29 05:45:47.607000-04:00,20180529001671,601288.SH,20180529001599,0.8571428571428571,0.2033898305084746,False,False,False
2018-05-29 05:45:47.607000-04:00,20180529001671,ACGBY,20180529001599,0.8571428571428571,0.2033898305084746,False,False,False
2018-05-29 05:46:35.641000-04:00,20180529001685,0918.HK,,,0.0,False,False,False
2018-05-29 05:49:06.912000-04:00,20180529001697,1476.HK,20180529001665,0.8666666666666667,0.04024767801857585,False,False,False
2018-05-29 05:50:34.609000-04:00,20180529001708,SECT-B.SK,20180529000402,0.9885386819484241,0.92,True,True,False
2018-05-29 05:52:02.183000-04:00,20180529001713,KBR,,,0.0,False,False,False
2018-05-29 05:52:28.505000-04:00,20180529001697,1476.HK,20180529001665,0.8571428571428571,0.036923076923076927,False,False,False
2018-05-29 05:52:36.201000-04:00,20180529001717,0588.HK,20180529001578,0.8275862068965517,0.12903225806451613,False,False,False
2018-05-29 05:52:36.201000-04:00,20180529001717,601588.SH,20180529001578,0.8275862068965517,0.12903225806451613,False,False,False
2018-05-29 05:54:21.915000-04:00,20180529001721,3399.HK,,,0.0,False,False,False
2018-05-29 05:54:37.193000-04:00,20180529001721,3399.HK,20180529001721,0.5765124555160143,0.72,True,False,True
2018-05-29 05:54:51.916000-04:00,20180529001721,3399.HK,20180529001721,0.6869565217391305,0.23837209302325582,False,False,False
2018-05-29 05:54:53.621000-04:00,20180529001726,1178.HK,,,0.0,False,False,False
2018-05-29 05:55:02.017000-04:00,20180529001727,CRM,20180529001564,0.47619047619047616,0.14705882352941177,False,False,False
2018-05-29 05:55:02.017000-04:00,20180529001727,DJDAY,20180529000645,0.4444444444444444,0.04277456647398844,False,False,False
2018-05-29 05:55:02.017000-04:00,20180529001727,HPQ,20180529001566,0.4444444444444444,0.14213197969543148,False,False,False
2018-05-29 05:55:04.254000-04:00,20180529001728,4863.KU,,,0.0,False,False,False
2018-05-29 05:55:06.361000-04:00,20180529001729,BCI.XX,,,0.0,False,False,False
2018-05-29 05:55:06.361000-04:00,20180529001729,TPEIR.AT,,,0.0,False,False,False
2018-05-29 05:55:49.788000-04:00,20180529001736,QGEN,,,0.0,False,False,False
2018-05-29 05:55:49.788000-04:00,20180529001736,QIA.XE,,,0.0,False,False,False
2018-05-29 05:56:07.446000-04:00,20180529001737,3883.HK,,,0.0,False,False,False
2018-05-29 05:57:44.604000-04:00,20180529001740,BLV.LN,20180529000703,0.38461538461538464,0.24509803921568626,False,False,False
2018-05-29 05:59:01.678000-04:00,20180529001751,1816.HK,,,0.0,False,False,False
2018-05-29 05:59:22.759000-04:00,20180529001754,1370.HK,,,0.0,False,False,False
2018-05-29 06:00:00.582000-04:00,20180529001756,LTS,,,0.0,False,False,False
2018-05-29 06:00:00.582000-04:00,20180529001756,LTS,20180529001756,0.475,0.0395010395010395,False,False,False
2018-05-29 06:00:00.603000-04:00,20180529001758,KW,,,0.0,False,False,False
2018-05-29 06:00:02.017000-04:00,20180529001759,DJDAY,20180529001727,0.14534883720930233,0.10086455331412104,False,False,False
2018-05-29 06:00:02.827000-04:00,20180529001760,GDP,,,0.0,False,False,False
2018-05-29 06:00:02.952000-04:00,20180529001761,ECOL,,,0.0,False,False,False
2018-05-29 06:00:04.116000-04:00,20180529001762,DVA,,,0.0,False,False,False
2018-05-29 06:00:04.290000-04:00,20180529001763,BAS.XE,,,0.0,False,False,False
2018-05-29 06:00:04.290000-04:00,20180529001763,BASFY,,,0.0,False,False,False
2018-05-29 06:00:04.290000-04:00,20180529001763,EVGN,,,0.0,False,False,False
2018-05-29 06:00:04.290000-04:00,20180529001763,EVGN.TV,,,0.0,False,False,False
2018-05-29 06:00:04.300000-04:00,20180529001764,QTNT,,,0.0,False,False,False
2018-05-29 06:00:04.389000-04:00,20180529001765,BRAIN.AKT,,,0.0,False,False,False
2018-05-29 06:00:04.734000-04:00,20180529001766,RTTR,,,0.0,False,False,False
2018-05-29 06:00:05.305000-04:00,20180529001767,MESO,,,0.0,False,False,False
2018-05-29 06:00:05.305000-04:00,20180529001767,MSB.AU,,,0.0,False,False,False
2018-05-29 06:00:05.860000-04:00,20180529001768,NBR.V,,,0.0,False,False,False
2018-05-29 06:00:06.073000-04:00,20180529001769,POTN,,,0.0,False,False,False
2018-05-29 06:00:06.412000-04:00,20180529001770,TUSK,,,0.0,False,False,False
2018-05-29 06:00:06.422000-04:00,20180529001771,ESES,,,0.0,False,False,False
2018-05-29 06:00:06.588000-04:00,20180529001772,BNS,,,0.0,False,False,False
2018-05-29 06:00:06.588000-04:00,20180529001772,BNS.T,,,0.0,False,False,False
2018-05-29 06:00:06.591000-04:00,20180529001772,BNS,20180529001772,1.0,1.0,True,True,False
2018-05-29 06:00:06.591000-04:00,20180529001772,BNS.T,20180529001772,1.0,1.0,True,True,False
2018-05-29 06:00:06.618000-04:00,20180529001772,BNS,20180529001772,1.0,1.0,True,True,False
2018-05-29 06:00:06.618000-04:00,20180529001772,BNS.T,20180529001772,1.0,1.0,True,True,False
2018-05-29 06:00:06.808000-04:00,20180529001775,DBD,,,0.0,False,False,False
2018-05-29 06:00:06.907000-04:00,20180529001772,BNS,20180529001772,0.040214477211796246,0.9375,True,False,True
2018-05-29 06:00:06.907000-04:00,20180529001772,BNS.T,20180529001772,0.040214477211796246,0.9375,True,False,True
2018-05-29 06:00:06.907000-04:00,20180529001772,BNS,20180529001772,0.3598130841121495,0.4117647058823529,False,False,False
2018-05-29 06:00:06.907000-04:00,20180529001772,BNS.T,20180529001772,0.3598130841121495,0.4117647058823529,False,False,False
2018-05-29 06:00:06.907000-04:00,20180529001772,BNS,20180529001772,0.25092250922509224,0.1419753086419753,False,False,False
2018-05-29 06:00:06.907000-04:00,20180529001772,BNS.T,20180529001772,0.25092250922509224,0.1419753086419753,False,False,False
2018-05-29 06:00:07.840000-04:00,20180529001779,DBD,20180529001775,0.9898477157360406,0.9873417721518988,True,True,False
2018-05-29 06:00:08.133000-04:00,20180529001780,APO,20180529001603,0.30612244897959184,0.26103646833013433,False,False,False
2018-05-29 06:00:08.133000-04:00,20180529001780,KAYNEAF.XX,,,0.0,False,False,False
2018-05-29 06:00:08.133000-04:00,20180529001780,KKR,,,0.0,False,False,False
2018-05-29 06:00:08.133000-04:00,20180529001780,KRP,,,0.0,False,False,False
2018-05-29 06:00:08.133000-04:00,20180529001780,APO,20180529001780,0.4161676646706587,0.24213075060532688,False,False,False
2018-05-29 06:00:08.133000-04:00,20180529001780,KAYNEAF.XX,20180529001780,0.4161676646706587,0.31519274376417233,False,False,False
2018-05-29 06:00:08.133000-04:00,20180529001780,KKR,20180529001780,0.4161676646706587,0.31519274376417233,False,False,False
2018-05-29 06:00:08.133000-04:00,20180529001780,KRP,20180529001780,0.4161676646706587,0.31519274376417233,False,False,False
2018-05-29 06:00:08.993000-04:00,20180529001782,SOHU,,,0.0,False,False,False
2018-05-29 06:00:09.049000-04:00,20180529001783,BEDU,,,0.0,False,False,False
2018-05-29 06:00:13.184000-04:00,20180529001758,KW,20180529001758,0.8125,0.05241935483870968,False,False,False
2018-05-29 06:00:19.386000-04:00,20180529001763,BAS.XE,20180529001763,0.8125,0.037463976945244955,False,False,False
2018-05-29 06:00:19.386000-04:00,20180529001763,BASFY,20180529001763,0.8125,0.037463976945244955,False,False,False
2018-05-29 06:00:19.386000-04:00,20180529001763,EVGN,20180529001763,0.8125,0.037463976945244955,False,False,False
2018-05-29 06:00:19.386000-04:00,20180529001763,EVGN.TV,20180529001763,0.8125,0.037463976945244955,False,False,False
2018-05-29 06:00:22.476000-04:00,20180529001791,KAMUX.HE,,,0.0,False,False,False
2018-05-29 06:00:24.877000-04:00,20180529001780,APO,20180529001780,0.9375,0.015625,False,False,False
2018-05-29 06:00:24.877000-04:00,20180529001780,KAYNEAF.XX,20180529001780,0.9375,0.02358490566037736,False,False,False
2018-05-29 06:00:24.877000-04:00,20180529001780,KKR,20180529001780,0.9375,0.02358490566037736,False,False,False
2018-05-29 06:00:24.877000-04:00,20180529001780,KRP,20180529001780,0.9375,0.02358490566037736,False,False,False
2018-05-29 06:00:31.394000-04:00,20180529001793,1129.HK,,,0.0,False,False,False
2018-05-29 06:00:31.564000-04:00,20180529001783,BEDU,20180529001783,0.8125,0.045774647887323945,False,False,False
2018-05-29 06:00:33.628000-04:00,20180529001795,TSEM,,,0.0,False,False,False
2018-05-29 06:00:33.628000-04:00,20180529001795,TSEM.TV,,,0.0,False,False,False
2018-05-29 06:00:40.011000-04:00,20180529001764,QTNT,20180529001764,0.8125,0.039755351681957186,False,False,False
2018-05-29 06:00:48.423000-04:00,20180529001797,NLFSK.KO,,,0.0,False,False,False
2018-05-29 06:00:55.549000-04:00,20180529001770,TUSK,20180529001770,0.875,0.03856749311294766,False,False,False
2018-05-29 06:01:02.404000-04:00,20180529001803,BNS,20180529001772,0.43884892086330934,0.11124546553808948,False,False,False
2018-05-29 06:01:02.404000-04:00,20180529001803,BNS.T,20180529001772,0.43884892086330934,0.11124546553808948,False,False,False
2018-05-29 06:01:02.448000-04:00,20180529001804,DC.LN,20180529001023,0.42857142857142855,0.25308641975308643,False,False,False
2018-05-29 06:01:05.689000-04:00,20180529001761,ECOL,20180529001761,0.6875,0.03323262839879154,False,False,False
2018-05-29 06:01:07.232000-04:00,20180529001766,RTTR,20180529001766,0.6875,0.03767123287671233,False,False,False
2018-05-29 06:01:23.284000-04:00,20180529001812,RBS,,,0.0,False,False,False
2018-05-29 06:01:23.284000-04:00,20180529001812,RBS.LN,,,0.0,False,False,False
2018-05-29 06:01:33.914000-04:00,20180529001815,SAN,20180529001240,0.7333333333333333,0.14666666666666667,False,False,False
2018-05-29 06:01:33.914000-04:00,20180529001815,SAN.MC,20180529001240,0.7333333333333333,0.14666666666666667,False,False,False
2018-05-29 06:01:45.184000-04:00,20180529001772,BNS,20180529001772,0.875,0.03455723542116631,False,False,False
2018-05-29 06:01:45.184000-04:00,20180529001772,BNS.T,20180529001772,0.875,0.03455723542116631,False,False,False
2018-05-29 06:01:46.251000-04:00,20180529001782,SOHU,20180529001782,0.6875,0.03666666666666667,False,False,False
2018-05-29 06:01:59.111000-04:00,20180529001772,BNS,20180529001772,1.0,0.037122969837587005,False,False,False
2018-05-29 06:01:59.111000-04:00,20180529001772,BNS.T,20180529001772,1.0,0.037122969837587005,False,False,False
2018-05-29 06:02:03.027000-04:00,20180529001823,EGLT,,,0.0,False,False,False
2018-05-29 06:02:03.027000-04:00,20180529001823,EGLT,20180529001823,0.3235294117647059,0.15242494226327943,False,False,False
2018-05-29 06:02:14.244000-04:00,20180529001782,SOHU,20180529001782,0.875,0.04590163934426229,False,False,False
2018-05-29 06:02:18.057000-04:00,20180529001772,BNS,20180529001772,0.875,0.7777777777777778,True,True,False
2018-05-29 06:02:18.057000-04:00,20180529001772,BNS.T,20180529001772,0.875,0.7777777777777778,True,True,False
2018-05-29 06:02:26.565000-04:00,20180529001832,DJDAY,20180529000663,0.1424,0.23948598130841123,False,False,False
2018-05-29 06:02:30.315000-04:00,20180529001815,SAN,20180529001240,0.8571428571428571,0.1518987341772152,False,False,False
2018-05-29 06:02:30.315000-04:00,20180529001815,SAN.MC,20180529001240,0.8571428571428571,0.1518987341772152,False,False,False
2018-05-29 06:02:35.782000-04:00,20180529001832,DJDAY,20180529001832,0.7931034482758621,0.020482809070958303,False,False,False
2018-05-29 06:02:41.618000-04:00,20180529001772,BNS,20180529001772,1.0,0.8,True,True,False
2018-05-29 06:02:41.618000-04:00,20180529001772,BNS.T,20180529001772,1.0,0.8,True,True,False
2018-05-29 06:02:45.110000-04:00,20180529001832,DJDAY,20180529001832,0.9444444444444444,0.01646843549862763,False,False,False
2018-05-29 06:03:13.225000-04:00,20180529001842,RBREW.KO,,,0.0,False,False,False
2018-05-29 06:03:33.972000-04:00,20180529001848,0882.HK,,,0.0,False,False,False
2018-05-29 06:03:34.234000-04:00,20180529001854,DNB.OS,,,0.0,False,False,False
2018-05-29 06:03:35.443000-04:00,20180529001772,BNS,20180529001772,0.875,0.7,True,True,False
2018-05-29 06:03:35.443000-04:00,20180529001772,BNS.T,20180529001772,0.875,0.7,True,True,False
2018-05-29 06:03:48.688000-04:00,20180529001848,0882.HK,20180529001848,0.5928571428571429,0.2703583061889251,False,False,False
2018-05-29 06:03:54.767000-04:00,20180529001863,0410.HK,,,0.0,False,False,False
2018-05-29 06:04:02.339000-04:00,20180529001864,DGTW,,,0.0,False,False,False
2018-05-29 06:04:16.570000-04:00,20180529001758,KW,20180529001758,0.875,0.055776892430278883,False,False,False
2018-05-29 06:04:37.474000-04:00,20180529001871,1816.HK,20180529001751,0.8571428571428571,0.057692307692307696,False,False,False
2018-05-29 06:04:38.970000-04:00,20180529001758,KW,20180529001758,1.0,0.06324110671936758,False,False,False
2018-05-29 06:04:58.491000-04:00,20180529001758,KW,20180529001758,1.0,0.06324110671936758,False,False,False
2018-05-29 06:05:02.241000-04:00,20180529001770,TUSK,20180529001770,0.875,0.038356164383561646,False,False,False
2018-05-29 06:06:05.817000-04:00,20180529001780,APO,20180529001780,0.875,0.014861995753715499,False,False,False
2018-05-29 06:06:05.817000-04:00,20180529001780,KAYNEAF.XX,20180529001780,0.875,0.02197802197802198,False,False,False
2018-05-29 06:06:05.817000-04:00,20180529001780,KKR,20180529001780,0.875,0.02197802197802198,False,False,False
2018-05-29 06:06:05.817000-04:00,20180529001780,KRP,20180529001780,0.875,0.02197802197802198,False,False,False
2018-05-29 06:06:37.366000-04:00,20180529001780,APO,20180529001780,1.0,0.019777503090234856,False,False,False
2018-05-29 06:06:37.366000-04:00,20180529001780,KAYNEAF.XX,20180529001780,1.0,0.025039123630672927,False,False,False
2018-05-29 06:06:37.366000-04:00,20180529001780,KKR,20180529001780,1.0,0.025039123630672927,False,False,False
2018-05-29 06:06:37.366000-04:00,20180529001780,KRP,20180529001780,1.0,0.025039123630672927,False,False,False
2018-05-29 06:06:47.820000-04:00,20180529001891,PCIB.OS,,,0.0,False,False,False
2018-05-29 06:06:50.112000-04:00,20180529001894,ILD.FR,,,0.0,False,False,False
2018-05-29 06:06:50.112000-04:00,20180529001894,ILIAY,,,0.0,False,False,False
2018-05-29 06:06:52.646000-04:00,20180529001780,APO,20180529001780,1.0,0.019777503090234856,False,False,False
2018-05-29 06:06:52.646000-04:00,20180529001780,KAYNEAF.XX,20180529001780,1.0,0.025039123630672927,False,False,False
2018-05-29 06:06:52.646000-04:00,20180529001780,KKR,20180529001780,1.0,0.025039123630672927,False,False,False
2018-05-29 06:06:52.646000-04:00,20180529001780,KRP,20180529001780,1.0,0.025039123630672927,False,False,False
2018-05-29 06:08:07.714000-04:00,20180529001900,1678.HK,,,0.0,False,False,False
2018-05-29 06:08:12.598000-04:00,20180529001780,APO,20180529001780,0.875,0.03153153153153153,False,False,False
2018-05-29 06:08:12.598000-04:00,20180529001780,KAYNEAF.XX,20180529001780,0.875,0.03153153153153153,False,False,False
2018-05-29 06:08:12.598000-04:00,20180529001780,KKR,20180529001780,0.875,0.03153153153153153,False,False,False
2018-05-29 06:08:12.598000-04:00,20180529001780,KRP,20180529001780,0.875,0.03153153153153153,False,False,False
2018-05-29 06:08:47.298000-04:00,20180529001910,0895.HK,,,0.0,False,False,False
2018-05-29 06:09:09.304000-04:00,20180529001914,BNS,20180529001772,0.875,0.7,True,True,False
2018-05-29 06:09:09.304000-04:00,20180529001914,BNS.T,20180529001772,0.875,0.7,True,True,False
2018-05-29 06:09:09.632000-04:00,20180529001914,BNS,20180529001772,0.40816326530612246,0.18378995433789955,False,False,False
2018-05-29 06:09:09.632000-04:00,20180529001914,BNS.T,20180529001772,0.40816326530612246,0.18378995433789955,False,False,False
2018-05-29 06:09:19.471000-04:00,20180529001916,000046.SZ,,,0.0,False,False,False
2018-05-29 06:09:19.471000-04:00,20180529001916,000046.SZ,20180529001916,0.030425963488843813,1.0,True,False,True
2018-05-29 06:09:29.499000-04:00,20180529001916,000046.SZ,20180529001916,0.45893719806763283,0.1926977687626775,False,False,False
2018-05-29 06:09:46.721000-04:00,20180529001780,APO,20180529001780,0.875,0.7,True,True,False
2018-05-29 06:09:46.721000-04:00,20180529001780,KAYNEAF.XX,20180529001780,0.875,0.7,True,True,False
2018-05-29 06:09:46.721000-04:00,20180529001780,KKR,20180529001780,0.875,0.7,True,True,False
2018-05-29 06:09:46.721000-04:00,20180529001780,KRP,20180529001780,0.875,0.7,True,True,False
2018-05-29 06:09:51.012000-04:00,20180529001922,TW.LN,,,0.0,False,False,False
2018-05-29 06:09:51.012000-04:00,20180529001922,TWODY,,,0.0,False,False,False
2018-05-29 06:10:18.962000-04:00,20180529001780,APO,20180529001780,0.875,0.6363636363636364,True,True,False
2018-05-29 06:10:18.962000-04:00,20180529001780,KAYNEAF.XX,20180529001780,0.875,0.6363636363636364,True,True,False
2018-05-29 06:10:18.962000-04:00,20180529001780,KKR,20180529001780,0.875,0.6363636363636364,True,True,False
2018-05-29 06:10:18.962000-04:00,20180529001780,KRP,20180529001780,0.875,0.6363636363636364,True,True,False
2018-05-29 06:10:49.304000-04:00,20180529001780,APO,20180529001780,1.0,0.6666666666666666,True,True,False
2018-05-29 06:10:49.304000-04:00,20180529001780,KAYNEAF.XX,20180529001780,1.0,0.7272727272727273,True,True,False
2018-05-29 06:10:49.304000-04:00,20180529001780,KKR,20180529001780,1.0,0.7272727272727273,True,True,False
2018-05-29 06:10:49.304000-04:00,20180529001780,KRP,20180529001780,1.0,0.7272727272727273,True,True,False
2018-05-29 06:10:52.513000-04:00,20180529001944,8078.TO,,,0.0,False,False,False
2018-05-29 06:10:52.513000-04:00,20180529001944,NMX.T,,,0.0,False,False,False
2018-05-29 06:10:59.795000-04:00,20180529001945,GKS.XE,,,0.0,False,False,False
2018-05-29 06:11:29.804000-04:00,20180529001914,BNS,20180529001772,0.875,0.6363636363636364,True,True,False
2018-05-29 06:11:29.804000-04:00,20180529001914,BNS.T,20180529001772,0.875,0.6363636363636364,True,True,False
2018-05-29 06:11:56.868000-04:00,20180529001950,RTTR,20180529001766,0.3745583038869258,0.3602693602693603,False,False,False
2018-05-29 06:12:02.823000-04:00,20180529001951,2868.HK,,,0.0,False,False,False
2018-05-29 06:12:25.552000-04:00,20180529001954,LLOY.LN,,,0.0,False,False,False
2018-05-29 06:12:25.552000-04:00,20180529001954,LYG,,,0.0,False,False,False
2018-05-29 06:12:25.552000-04:00,20180529001954,LLOY.LN,20180529001954,0.03184713375796178,1.0,True,False,True
2018-05-29 06:12:25.552000-04:00,20180529001954,LYG,20180529001954,0.03184713375796178,1.0,True,False,True
2018-05-29 06:15:15.667000-04:00,20180529001972,QTNT,20180529001764,0.875,0.04242424242424243,False,False,False
2018-05-29 06:15:15.903000-04:00,20180529001973,MTN.JO,,,0.0,False,False,False
2018-05-29 06:15:15.903000-04:00,20180529001973,MTNOY,,,0.0,False,False,False
2018-05-29 06:15:15.903000-04:00,20180529001973,MTN.JO,20180529001973,0.5524861878453039,0.22371364653243847,False,False,False
2018-05-29 06:15:15.903000-04:00,20180529001973,MTNOY,20180529001973,0.5524861878453039,0.22371364653243847,False,False,False
2018-05-29 06:15:16.967000-04:00,20180529001972,QTNT,20180529001972,1.0,0.04819277108433735,False,False,False
2018-05-29 06:15:19.087000-04:00,20180529001972,QTNT,20180529001972,1.0,0.04819277108433735,False,False,False
2018-05-29 06:16:20.652000-04:00,20180529001988,0337.HK,,,0.0,False,False,False
2018-05-29 06:16:22.037000-04:00,20180529001989,0569.HK,,,0.0,False,False,False
2018-05-29 06:16:35.155000-04:00,20180529001988,0337.HK,20180529001988,0.6851851851851852,0.2730627306273063,False,False,False
2018-05-29 06:17:08.849000-04:00,20180529001972,QTNT,20180529001972,0.875,0.04216867469879518,False,False,False
2018-05-29 06:17:22.953000-04:00,20180529001999,QTNT,20180529001764,0.3598326359832636,0.5269461077844312,False,False,False
2018-05-29 06:17:22.953000-04:00,20180529001999,QTNT,20180529001764,0.37166324435318276,0.389937106918239,False,False,False
2018-05-29 06:17:22.953000-04:00,20180529001999,QTNT,20180529001999,0.65,0.048,False,False,False
2018-05-29 06:17:26.923000-04:00,20180529001973,MTN.JO,20180529001973,0.8666666666666667,0.02462121212121212,False,False,False
2018-05-29 06:17:26.923000-04:00,20180529001973,MTNOY,20180529001973,0.8666666666666667,0.02462121212121212,False,False,False
2018-05-29 06:17:34.420000-04:00,20180529001972,QTNT,20180529001972,1.0,0.01927710843373494,False,False,False
2018-05-29 06:18:06.855000-04:00,20180529001973,MTN.JO,20180529001973,0.8666666666666667,0.024528301886792454,False,False,False
2018-05-29 06:18:06.855000-04:00,20180529001973,MTNOY,20180529001973,0.8666666666666667,0.024528301886792454,False,False,False
2018-05-29 06:18:19.219000-04:00,20180529001972,QTNT,20180529001972,0.875,0.7,True,True,False
2018-05-29 06:18:42.880000-04:00,20180529002034,SOLON.OS,,,0.0,False,False,False
2018-05-29 06:18:59.512000-04:00,20180529001973,MTN.JO,20180529001973,1.0,0.02819548872180451,False,False,False
2018-05-29 06:18:59.512000-04:00,20180529001973,MTNOY,20180529001973,1.0,0.02819548872180451,False,False,False
2018-05-29 06:21:18.944000-04:00,20180529002057,NOVN.EB,,,0.0,False,False,False
2018-05-29 06:21:18.944000-04:00,20180529002057,NVS,,,0.0,False,False,False
2018-05-29 06:21:23.724000-04:00,20180529002058,INFN,,,0.0,False,False,False
2018-05-29 06:21:32.334000-04:00,20180529002059,FII,,,0.0,False,False,False
